,,green arch,yellow banana arch,cabbage black sphere,orange carrot cylinder,white corn cylinder,blue cube,red cuboid,green cucumber cylinder,blue cylinder,black eggplant cylinder,yellow lemon sphere,green lime sphere,orange sphere,purple plum sphere,brown potato sphere,yellow semicylinder,red tomato sphere,green triangle
,,arch/arch_3,banana/banana_3,cabbage/cabbage_3,carrot/carrot_3,corn/corn_3,cube/cube_3,cuboid/cuboid_3,cucumber/cucumber_3,cylinder/cylinder_3,eggplant/eggplant_3,lemon/lemon_3,lime/lime_3,orange/orange_3,plum/plum_3,potato/potato_3,semicylinder/semicylinder_3,tomato/tomato_3,triangle/triangle_3
apple,rgb,0.113541,0.374956,0.693684,0.52866,0.384454,0.582915,0.9747,0.564478,0.538745,0.68647,0.487071,0.305144,0.771096,0.837916,0.478185,0.284267,0.927881,0.441717
apple,shape,9.71999e-05,4.14566e-06,3.96491e-05,7.50919e-06,5.90178e-07,0.0963838,0.000903016,2.08245e-07,1.96369e-05,0.295984,0.200228,0.206928,0.717259,0.60906,0.000377566,3.32412e-08,0.42276,9.94413e-05
apple,object,9.67441e-05,1.59733e-06,3.66333e-05,7.63407e-06,3.32914e-06,0.147248,0.000491659,3.25119e-07,5.51709e-05,0.341368,0.215023,0.274064,0.76633,0.652822,0.000664315,1.59379e-07,0.434628,0.000150213
arch,rgb,0.0665358,0.0454015,0.0573848,0.0574633,0.0601941,0.0709884,0.0430591,0.052014,0.0722237,0.0547067,0.036705,0.0452378,0.0417038,0.0535358,0.049986,0.0377687,0.0444746,0.0552623
arch,shape,0.515665,0.33377,1.21148e-05,0.192751,1.64735e-07,6.54943e-06,0.0107312,0.00840202,0.146542,0.201819,2.53888e-07,5.08394e-15,2.19531e-14,5.28487e-09,1.56809e-07,1.13173e-10,0.000360314,0.0800594
arch,object,0.266797,0.328656,1.6501e-05,0.243896,4.68977e-07,1.31082e-05,0.0497599,0.00372948,0.148546,0.200242,2.24518e-08,1.77408e-15,2.30512e-14,1.18434e-08,2.22431e-07,8.96899e-12,0.000220854,0.0083111
arched,rgb,0.0398486,0.0183665,0.0259465,0.0373327,0.0356877,0.0398507,0.0148702,0.0196675,0.0423015,0.0225654,0.0110566,0.0153974,0.0137444,0.022531,0.0237075,0.0117917,0.0148886,0.0225908
arched,shape,0.557109,0.000519736,5.90341e-06,0.00107219,4.27519e-10,0.00051125,0.000291325,0.00012505,8.50254e-06,0.000113252,2.73422e-11,5.82037e-08,1.31027e-08,1.36866e-05,9.79625e-11,2.0688e-11,2.62378e-06,5.61643e-05
arched,object,0.523822,0.000448724,6.99649e-06,0.00138924,8.9436e-10,0.000968349,0.000428898,0.000165087,1.16494e-05,0.000124582,6.27092e-11,1.04982e-07,2.10341e-08,1.92854e-05,2.11959e-10,5.16998e-11,3.55546e-06,7.98233e-05
archshaped,rgb,0.00669216,0.0146186,0.0287449,0.0122572,0.0113727,0.0193398,0.0741021,0.0248953,0.0171644,0.0284442,0.020592,0.0166126,0.0328004,0.0350046,0.0143653,0.0147337,0.0556368,0.0196042
archshaped,shape,0.628326,0.00128265,0.00015512,0.167483,6.3301e-08,1.97064e-05,0.00550828,0.000906088,0.000121448,0.200322,2.97033e-06,2.3135e-11,9.22235e-12,5.31572e-07,2.00167e-08,8.28096e-09,7.14553e-07,0.0011979
archshaped,object,0.295633,0.000886238,8.0022e-05,0.0298708,3.29505e-08,1.33874e-06,0.0392485,0.000509903,7.42098e-06,0.166049,4.18805e-06,3.71558e-11,1.48844e-10,9.00256e-07,2.76257e-08,1.22572e-08,3.32231e-06,8.04166e-05
arcshape,rgb,0.203829,0.0283107,0.0293972,0.0203538,0.0474278,0.0655241,0.00142342,0.0377472,0.0726649,0.0270601,0.0135928,0.0515463,0.00829105,0.0121608,0.0222387,0.0280949,0.0041547,0.060049
arcshape,shape,0.549323,0.000626868,1.05432e-05,0.000809292,1.74666e-09,0.00111926,0.000616161,0.000132074,1.13925e-05,0.000203274,1.08833e-10,1.57468e-07,4.21362e-08,2.41191e-05,4.10326e-10,2.52332e-10,4.61369e-06,7.56855e-05
arcshape,object,0.492183,0.000460112,9.43687e-06,0.000683238,1.77682e-09,0.00141354,0.000588379,0.000156804,1.26705e-05,0.000190542,1.13962e-10,1.58763e-07,3.89916e-08,2.18489e-05,4.53734e-10,2.44969e-10,4.47675e-06,9.19623e-05
banana,rgb,0.837155,0.93442,0.421881,0.72266,0.727496,0.23356,0.28155,0.677207,0.250434,0.497391,0.968979,0.935686,0.808977,0.365095,0.853879,0.97999,0.435988,0.698008
banana,shape,0.0766095,0.0976876,2.22707e-06,0.0512507,0.000251503,1.62566e-05,4.5645e-06,0.0181528,0.000383239,1.93444e-05,3.76853e-07,6.51275e-11,1.79845e-06,1.08883e-06,0.0103068,2.11717e-06,0.00182443,8.79961e-05
banana,object,0.0846685,0.174647,3.60423e-06,0.00349515,0.00300925,2.61178e-05,1.08241e-05,0.0344705,0.000411637,2.11822e-05,1.0841e-05,2.5466e-09,2.04126e-05,3.32111e-06,0.0418903,0.000251063,0.00454987,0.000141181
black,rgb,0.0180014,0.0192367,0.0500774,0.00586991,0.0123657,0.0393254,0.0302794,0.0580903,0.0337185,0.0505249,0.0246682,0.0441614,0.0323394,0.0367209,0.0123069,0.0242119,0.0444721,0.0532486
black,shape,0.00165306,0.172772,9.5805e-05,2.85454e-09,0.172767,3.07901e-08,0.00129418,0.00913156,0.000996335,0.195072,3.31381e-05,1.21311e-09,6.82911e-06,1.65207e-07,0.00105838,7.89345e-16,0.00518599,0.00453424
black,object,0.0625773,0.00810881,0.000213951,2.5786e-09,0.172077,1.13317e-06,4.05453e-06,0.00552595,0.000223231,0.146379,2.91439e-05,2.83822e-08,5.35842e-06,4.66262e-08,0.00327313,2.4298e-16,0.000414589,0.000629979
block,rgb,0.845868,0.876474,0.894232,0.794644,0.830864,0.877918,0.903805,0.91041,0.870499,0.902084,0.903746,0.909458,0.90592,0.895467,0.853939,0.899991,0.912841,0.904239
block,shape,0.146168,0.000408802,0.000894859,0.119063,2.15427e-06,0.0479529,0.869056,0.000809269,0.151355,0.396694,6.18091e-06,1.29601e-11,1.72785e-10,9.40864e-08,6.87572e-10,0.135388,5.75573e-06,0.351265
block,object,0.120078,0.00240947,0.00339718,0.183539,0.000213129,0.0819825,0.849539,5.48212e-05,0.23777,0.356221,8.39252e-06,1.61742e-12,5.51203e-11,2.63232e-07,6.79811e-09,0.00983937,1.50795e-06,0.116801
blue,rgb,0.0115135,5.01356e-05,0.208517,0.0029933,0.0106964,0.896267,0.0391642,0.0206178,0.883347,0.109049,2.5669e-06,0.000116693,0.000387515,0.153357,0.000433178,3.07622e-06,0.0220577,0.0254523
blue,shape,0.549788,0.0133934,5.77891e-05,0.209577,0.00163988,5.15512e-06,0.44126,0.0140721,0.166193,0.23339,9.67721e-09,1.77756e-07,3.4598e-10,9.3351e-07,1.5682e-08,2.62562e-05,0.000256118,0.343931
blue,object,0.346805,0.00999894,0.000136122,0.18659,0.00510345,0.000205094,0.419064,0.0325086,0.176102,0.218685,8.37349e-08,1.56726e-06,1.55703e-08,1.40646e-05,3.57292e-07,2.30186e-05,0.00102083,0.396762
brown,rgb,0.0153825,0.0182481,0.0416363,0.0125031,0.0164075,0.0364803,0.0492398,0.0392319,0.0329077,0.0410399,0.0213027,0.0265995,0.0322222,0.0405111,0.0166082,0.0181355,0.0492648,0.0349582
brown,shape,1.53348e-05,0.135973,3.27461e-07,4.27644e-06,0.599377,4.20239e-05,0.000135612,0.0118687,6.74678e-05,3.17987e-06,0.0321435,9.63518e-10,6.24376e-06,6.97896e-08,0.0609856,0.362614,0.0167123,3.63425e-06
brown,object,2.96524e-06,0.00465186,4.57832e-08,1.03514e-06,0.540424,0.000125423,1.3205e-05,0.00869227,0.000248185,4.3392e-06,0.0394452,1.26513e-09,5.00786e-06,4.41884e-08,0.0676802,0.34769,0.00965146,9.34873e-06
cabbage,rgb,0.535554,0.308116,0.890965,0.893717,0.80946,0.958684,0.970089,0.644409,0.958006,0.841187,0.126006,0.170726,0.587025,0.932564,0.634896,0.0691479,0.905606,0.620465
cabbage,shape,0.0917441,5.90755e-06,0.923051,9.72053e-06,2.18224e-09,6.70655e-05,8.28652e-05,2.07416e-05,1.51606e-05,7.17718e-08,1.06586e-11,7.70708e-09,8.65339e-09,0.000275417,2.34357e-09,3.25855e-09,1.86414e-05,9.87615e-06
cabbage,object,0.143511,1.34751e-05,0.94,1.02003e-05,2.83241e-09,6.16889e-05,6.61642e-05,2.52037e-05,1.26937e-05,7.73521e-08,3.00202e-11,2.03875e-08,1.30831e-08,0.000281845,3.58258e-09,1.67682e-08,1.76215e-05,1.39461e-05
carrot,rgb,0.0526818,0.500697,0.0589693,0.882242,0.39622,0.0113882,0.642795,0.0247254,0.0141332,0.0433664,0.613819,0.0662064,0.387975,0.118087,0.65339,0.508926,0.247061,0.0171398
carrot,shape,5.20192e-07,0.00765181,3.98056e-06,0.678595,2.21506e-07,2.13323e-07,2.46913e-06,0.0152342,6.96078e-06,3.41923e-07,5.63761e-11,8.0627e-16,2.582e-12,1.62995e-10,5.25198e-07,4.80624e-10,1.33277e-06,0.00016033
carrot,object,5.24293e-07,0.0611945,1.75204e-06,0.678778,2.48142e-06,1.55579e-07,4.92061e-06,0.0551287,7.34942e-06,2.5443e-07,4.31008e-10,1.44418e-15,4.24625e-12,1.13461e-10,7.21839e-06,1.96514e-09,2.32147e-06,0.000403221
cherry,rgb,2.64366e-08,0.000608874,0.00178657,0.00357001,2.43651e-05,1.14109e-05,0.995765,0.00037131,5.28401e-06,0.00154466,0.0118487,5.57246e-05,0.117809,0.0297341,0.00101726,0.000628944,0.791772,3.23087e-05
cherry,shape,2.27511e-05,6.64556e-06,2.45599e-05,2.18991e-05,1.72864e-09,0.000198554,1.37497e-05,4.43746e-05,0.000156079,2.12975e-06,0.000404669,4.22675e-08,0.000135767,3.02643e-06,0.000378413,4.48995e-07,0.0949699,2.99439e-05
cherry,object,1.1242e-05,7.07177e-06,2.65778e-05,1.88801e-05,1.92059e-09,0.000144952,3.30787e-05,4.57694e-05,0.000122636,2.62945e-06,0.000425812,6.46002e-08,0.000183248,4.78021e-06,0.000272165,4.23234e-07,0.10875,3.1778e-05
circle,rgb,0.0109226,0.00438055,0.0825406,0.00421478,0.0100719,0.123125,0.0529689,0.0499551,0.102547,0.0697411,0.0030304,0.0106845,0.0143651,0.0636884,0.0051343,0.00250734,0.0557508,0.0448783
circle,shape,0.0201394,0.078102,2.54604e-08,1.3066e-06,6.94028e-18,2.34316e-10,5.75e-08,5.04351e-06,0.000570943,0.189809,4.51375e-15,4.38879e-16,1.50108e-15,5.16407e-10,2.03956e-14,5.29281e-22,5.62607e-06,0.000104005
circle,object,0.000534498,0.0115189,2.59149e-08,1.37872e-06,6.30726e-17,6.50722e-10,5.85696e-08,2.2761e-06,0.00125085,0.155154,4.36186e-15,5.76118e-16,6.54719e-16,6.50134e-10,3.3889e-14,6.23009e-23,2.86458e-06,4.43366e-05
circular,rgb,0.00169324,0.00255865,0.060856,0.00385116,0.0046155,0.051279,0.195635,0.0272133,0.0388282,0.049698,0.00258924,0.00410845,0.018463,0.0706059,0.00358467,0.00142401,0.113947,0.0175201
circular,shape,0.319103,0.331573,1.0233e-05,0.00315615,0.000600078,4.6438e-05,0.000506868,0.00285752,0.650326,0.390897,7.42356e-06,8.29418e-07,3.7503e-08,0.322483,1.88391e-05,5.91498e-08,0.073331,0.129389
circular,object,0.0427399,0.315634,1.61734e-06,0.00347276,0.00546749,5.96176e-05,0.0019918,0.00327844,0.508997,0.396144,1.9879e-05,2.5436e-07,4.59742e-08,0.266906,0.000144292,5.8381e-08,0.123177,0.0567191
cob,rgb,0.833922,0.56634,0.172231,0.966923,0.869988,0.183592,0.0303589,0.0187999,0.305727,0.0826202,0.105087,0.0320521,0.0423325,0.0617643,0.797947,0.196865,0.0108661,0.0318274
cob,shape,4.04762e-05,0.0696026,8.11225e-05,0.00117642,0.418832,1.31067e-05,0.00108758,0.0194713,3.1043e-05,0.000807071,1.10768e-08,1.6054e-10,1.11535e-08,1.76466e-07,8.75679e-06,0.0121749,4.7969e-05,1.11991e-06
cob,object,1.2414e-05,0.0401994,7.04345e-05,0.00118876,0.407034,1.36002e-05,0.00119407,0.0252228,2.56287e-05,0.000444928,1.8505e-08,2.44958e-10,2.16576e-08,1.82697e-07,9.67337e-06,0.0198486,7.45964e-05,7.16294e-07
corn,rgb,0.946311,0.771568,0.762874,0.920316,0.918241,0.902489,0.506821,0.712325,0.917859,0.744061,0.56628,0.685811,0.578633,0.737684,0.849518,0.634559,0.526965,0.778886
corn,shape,1.88556e-05,0.050618,0.000124545,0.000899301,0.386363,1.16819e-05,0.000759792,0.0173245,3.17261e-05,0.000493184,1.59174e-08,2.30735e-10,1.21066e-08,2.27903e-07,1.01637e-05,0.00938009,4.13519e-05,1.10682e-06
corn,object,9.05389e-06,0.0362041,0.00010783,0.00104107,0.388529,1.48552e-05,0.000759629,0.0263897,3.2023e-05,0.000389483,3.27396e-08,4.50312e-10,2.52768e-08,2.60398e-07,1.47225e-05,0.0161807,6.20715e-05,1.00383e-06
cube,rgb,0.680828,0.82382,0.850207,0.534332,0.647699,0.789728,0.904597,0.907584,0.761892,0.882802,0.91177,0.912866,0.910116,0.869662,0.746404,0.901931,0.921637,0.889298
cube,shape,0.730378,0.313517,4.39098e-05,0.16147,2.8807e-06,0.308652,0.680577,0.0219712,0.977691,0.589192,6.25769e-05,0.000277349,7.63396e-08,0.0342381,1.15346e-06,0.0784482,0.000509731,0.878039
cube,object,0.672905,0.262747,2.85474e-05,0.132702,3.62365e-05,0.535053,0.642666,0.0812825,0.998112,0.381629,0.000359459,0.000767318,6.1662e-08,0.0683084,5.41446e-06,0.0110551,0.000548376,0.857566
cubeshaped,rgb,8.59028e-06,0.00933365,0.00624002,0.000369102,8.97065e-05,9.23177e-05,0.377152,0.00809489,4.65713e-05,0.00691675,0.0834692,0.00903251,0.0910533,0.00905123,0.00172257,0.0263979,0.214081,0.00201359
cubeshaped,shape,0.00354079,3.45904e-05,0.00636167,0.000128816,0.000112284,0.6922,2.9558e-05,1.45162e-05,5.2115e-06,7.45155e-05,2.07107e-13,1.99085e-06,1.24593e-05,0.00896864,4.55683e-11,9.097e-06,0.000380007,0.0010691
cubeshaped,object,7.46001e-05,3.10992e-05,0.00357396,2.04945e-05,1.32284e-05,0.446155,6.67724e-05,1.39812e-05,1.59227e-06,3.63967e-05,3.94849e-13,4.50491e-07,7.34473e-06,0.0023205,1.66424e-10,7.22745e-06,0.000355493,0.000495699
cubic,rgb,0.000158649,0.013801,0.0191237,0.000793199,0.000553843,0.00110757,0.190423,0.0247447,0.000654228,0.0202606,0.0652076,0.0232457,0.0776996,0.0187888,0.00335674,0.0319024,0.157827,0.00987619
cubic,shape,0.0134235,9.5345e-05,0.000377201,3.0459e-05,0.0303154,0.444448,5.02129e-05,1.67755e-05,6.81028e-06,9.39796e-06,8.9171e-14,5.08575e-07,4.81035e-06,0.0151113,1.6137e-11,0.000138398,7.05311e-05,0.000879266
cubic,object,0.00116755,3.29704e-05,0.000636531,1.3083e-05,0.014534,0.391934,6.91901e-05,2.32554e-05,3.60528e-06,7.84813e-06,2.14789e-13,8.17751e-07,5.5824e-06,0.0124293,3.57431e-11,0.000597983,7.44176e-05,0.00101744
cubical,rgb,0.996799,3.09754e-06,0.0119519,1.32273e-09,0.000175077,0.960653,1.12714e-13,0.114608,0.96552,0.00933849,1.23373e-08,0.0363255,9.31955e-09,1.8346e-05,1.12853e-07,2.04742e-06,1.69259e-09,0.794936
cubical,shape,0.00406033,0.0328743,0.000138028,2.91786e-05,0.203749,7.55774e-06,0.397315,0.014257,0.239254,0.0042076,1.11589e-07,1.12425e-05,9.38307e-07,6.64252e-05,1.82446e-05,0.00481435,0.000613105,0.0833238
cubical,object,0.0041042,0.00336995,0.000134621,2.09208e-05,0.199775,0.000107134,0.0173749,0.0222116,0.378761,0.00252698,9.2389e-08,1.76784e-05,6.64921e-07,7.18006e-05,2.21285e-05,0.00203952,0.000209621,0.149884
cuboid,rgb,0.982519,0.00480046,0.00233938,5.97715e-05,0.00896588,0.0368537,2.20791e-10,0.022946,0.0536367,0.00196986,0.000430107,0.2758,9.58172e-06,1.84797e-05,0.00041028,0.0337067,1.15099e-07,0.179553
cuboid,shape,0.317875,2.7077e-05,1.12874e-05,0.0222719,0.199843,0.137945,0.622535,0.0184431,0.000120883,0.00100084,5.0953e-08,3.65124e-05,7.34551e-06,0.016015,1.01659e-06,0.174913,0.000254582,4.68862e-05
cuboid,object,0.376818,2.08113e-06,1.61705e-05,0.00332732,0.184968,0.359341,0.0612075,0.0651316,0.0021655,0.000459414,4.39873e-08,0.000244341,6.13509e-06,0.00404678,1.99282e-06,0.177117,7.99436e-05,0.000770876
cuboidshaped,rgb,0.966525,0.00396511,0.00469929,0.00025099,0.0164332,0.0649932,1.96876e-09,0.01835,0.0931838,0.00276326,0.000270641,0.121719,1.49254e-05,4.91511e-05,0.000663566,0.0110062,4.11393e-07,0.128784
cuboidshaped,shape,0.00378595,1.21324e-05,2.74942e-07,0.295043,0.199963,0.00164151,0.596988,0.0566405,0.00315695,0.00542468,1.33634e-06,4.2207e-07,2.41513e-06,3.66256e-05,2.95336e-05,0.174658,9.35373e-05,0.00149775
cuboidshaped,object,0.0241725,6.97944e-07,1.62317e-07,0.217991,0.175602,0.010712,0.169803,0.0909827,0.0211535,0.00205276,1.22569e-06,5.2306e-06,2.41785e-06,3.73967e-05,3.78108e-05,0.155543,4.34692e-05,0.0074525
cucumber,rgb,0.983722,0.591082,0.755196,0.0282021,0.455124,0.908052,0.00430821,0.93956,0.90248,0.803097,0.512886,0.972021,0.251683,0.299147,0.234274,0.831284,0.0847944,0.971113
cucumber,shape,2.06038e-05,0.01561,2.71046e-05,0.280915,6.64115e-05,7.72369e-06,0.000382609,0.69197,1.29117e-05,0.000682401,9.91563e-09,9.43581e-15,4.52085e-12,1.86009e-09,0.000150427,1.04677e-07,2.13541e-07,3.12437e-05
cucumber,object,5.15881e-05,0.0156784,3.92745e-05,0.250371,8.97232e-05,2.55621e-05,0.000341916,0.708493,3.95316e-05,0.00193707,1.40595e-08,6.61732e-14,1.47315e-11,5.40038e-09,0.000118688,1.2508e-07,3.11135e-07,6.46662e-05
curved,rgb,0.00445254,0.00759188,0.0358424,0.00333503,0.00540965,0.0233438,0.0490341,0.0314255,0.0187709,0.0340445,0.0104085,0.015266,0.0222294,0.0316045,0.00575123,0.00783281,0.0497839,0.0242734
curved,shape,0.0939232,0.269427,1.28497e-07,0.0135172,1.14757e-14,1.23954e-10,1.47605e-07,0.000531016,0.000699974,0.142894,2.84854e-10,1.89168e-17,9.2901e-15,2.41015e-11,7.81244e-11,2.2206e-21,3.4166e-05,5.57314e-05
curved,object,0.065764,0.199763,3.99136e-08,0.0598734,2.81914e-14,1.86427e-10,1.06258e-07,0.000308287,0.000713458,0.0692234,3.14644e-10,3.62799e-18,5.32574e-15,1.63658e-11,4.87937e-10,5.79957e-22,1.69786e-05,1.26668e-05
cylinder,rgb,0.747101,0.831702,0.845223,0.585015,0.691436,0.797044,0.861944,0.897083,0.776921,0.870867,0.900224,0.90844,0.889747,0.848151,0.762886,0.898601,0.891832,0.884891
cylinder,shape,0.405278,0.336125,2.94337e-05,0.0214889,2.03097e-07,6.45346e-07,0.411982,0.0155958,0.579158,0.352398,3.79988e-06,1.57319e-08,8.47814e-10,0.000155648,1.43435e-06,2.46827e-06,0.0204022,0.288166
cylinder,object,0.211632,0.331988,0.000127,0.0138119,1.7167e-06,6.91799e-06,0.102049,0.00525233,0.960867,0.265102,7.55255e-06,5.88977e-09,2.80303e-09,0.000332231,4.08267e-06,3.44578e-08,0.00232314,0.341098
cylindershape,rgb,0.000930456,0.0347823,0.0340463,0.000481636,0.00090697,0.00240646,0.0513533,0.072047,0.0014325,0.0385255,0.132095,0.111549,0.0887435,0.0174684,0.00455415,0.107385,0.102477,0.0386485
cylindershape,shape,1.94284e-06,0.0140204,6.13307e-11,3.94539e-06,9.71262e-07,7.33196e-08,1.38266e-05,0.000188101,0.782141,0.003906,6.87995e-08,3.29791e-07,1.64561e-06,2.10793e-06,0.00453902,8.35745e-13,0.000322083,0.0299206
cylindershape,object,1.21681e-06,0.0061553,6.88878e-11,1.48145e-06,7.398e-07,1.61746e-07,9.91767e-06,0.00022126,0.855576,0.00336785,4.67049e-08,4.45706e-07,1.27164e-06,1.83939e-06,0.00547623,4.69777e-13,0.000312215,0.0485432
cylindershaped,rgb,0.000826276,0.0256089,0.0271072,0.00121637,0.00141142,0.00259449,0.0949237,0.0438741,0.00168357,0.0297909,0.100048,0.0566282,0.0843274,0.0212342,0.00590225,0.0681778,0.114809,0.0228407
cylindershaped,shape,4.64707e-07,0.0202231,1.00639e-11,4.02014e-06,4.97556e-07,4.12863e-08,8.40748e-06,0.000142102,0.742732,0.0038779,7.22135e-08,6.17632e-08,9.58453e-07,4.39516e-07,0.005388,2.8651e-13,0.000326776,0.0200701
cylindershaped,object,1.38131e-07,0.00741631,9.00026e-12,1.0097e-06,5.04789e-07,5.86033e-08,7.33665e-06,0.000171985,0.782835,0.00266147,5.48215e-08,9.82016e-08,9.0672e-07,4.59955e-07,0.00724123,3.10114e-13,0.000327823,0.0296743
cylindrical,rgb,0.0155095,0.03427,0.0604168,0.0033674,0.00888352,0.0263983,0.0313582,0.0947207,0.0208051,0.0644994,0.0637697,0.104227,0.0568936,0.0362746,0.0125863,0.0669062,0.061687,0.0802426
cylindrical,shape,0.345959,0.487231,1.32381e-07,0.00024946,0.00224004,7.14618e-08,6.09562e-06,0.00961954,0.740236,0.217823,0.000162772,4.51245e-09,1.2376e-07,0.000564212,0.157012,2.24169e-08,0.109372,0.200122
cylindrical,object,0.249767,0.211167,4.39301e-08,0.000122144,0.000655496,4.3962e-06,2.14528e-07,0.00424964,0.9836,0.199775,6.28139e-05,1.44414e-06,2.89592e-06,0.00125216,0.106688,2.51608e-08,0.0100979,0.441756
ear,rgb,0.933406,0.721334,0.399085,0.956368,0.919291,0.693527,0.230778,0.304804,0.770606,0.377048,0.439069,0.38399,0.326199,0.423848,0.86395,0.543447,0.181259,0.411025
ear,shape,2.66705e-05,0.05809,0.000137142,0.00116857,0.373679,1.1406e-05,0.000938156,0.0193539,2.79174e-05,0.00062825,7.28521e-09,1.2151e-10,8.5107e-09,1.76002e-07,7.21051e-06,0.00693749,5.07955e-05,1.04282e-06
ear,object,7.88344e-06,0.0336984,0.000116632,0.00120749,0.370674,1.47504e-05,0.000991105,0.0302866,2.75532e-05,0.000366047,1.73338e-08,2.3441e-10,2.00907e-08,2.03441e-07,1.10585e-05,0.0122946,8.5464e-05,7.95912e-07
eggplant,rgb,0.947797,0.55234,0.908172,0.570924,0.813058,0.973801,0.402671,0.888918,0.973758,0.891221,0.304781,0.764159,0.490867,0.820404,0.582435,0.3769,0.599669,0.922218
eggplant,shape,1.66991e-05,7.58662e-06,0.000447434,2.77358e-06,1.07921e-13,1.40171e-06,6.28454e-06,1.19375e-06,2.57535e-06,0.521966,2.78922e-14,1.42195e-12,7.56332e-11,2.04767e-06,6.57944e-15,1.27325e-15,3.01717e-07,2.31358e-05
eggplant,object,6.12987e-05,3.00497e-05,0.000900034,8.16776e-06,4.57201e-13,2.08293e-06,6.61226e-06,2.57675e-06,3.83206e-06,0.547438,1.59505e-13,6.40582e-12,2.08845e-10,3.26085e-06,2.62873e-14,1.5774e-14,4.67559e-07,4.18553e-05
globular,rgb,0.000715685,0.0182011,0.0273695,0.00176352,0.00166738,0.00329443,0.139927,0.0350239,0.00219593,0.0288427,0.0657246,0.033583,0.0751425,0.0261128,0.00592903,0.0390178,0.12975,0.0178198
globular,shape,1.06084e-05,0.000103698,4.00055e-06,1.47187e-05,6.0562e-08,0.134162,8.03427e-05,2.71885e-06,1.63216e-05,8.2671e-05,0.339915,0.38816,0.690033,0.191954,0.0851734,0.00069773,0.504727,4.95207e-05
globular,object,5.13966e-06,5.3147e-05,3.13105e-06,7.73847e-06,3.936e-08,0.116241,0.000118206,3.02648e-06,1.19964e-05,8.17851e-05,0.340897,0.403244,0.69308,0.2061,0.076449,0.0006101,0.535307,5.87531e-05
golden,rgb,0.0258763,0.0936751,0.015759,0.048635,0.0336913,0.0070337,0.03195,0.0255153,0.00726433,0.0191077,0.17118,0.0698911,0.0671309,0.0188083,0.0652331,0.19815,0.0313084,0.02281
golden,shape,5.83809e-06,4.22506e-06,1.24666e-07,2.52041e-06,0.00021403,0.0017056,3.59645e-05,1.58777e-05,3.12941e-05,0.000894729,0.164752,7.2703e-05,0.810748,0.000181445,0.000693108,4.39153e-05,0.263447,3.33382e-06
golden,object,4.98042e-06,3.99663e-06,1.20022e-07,1.35915e-06,0.00021555,0.00157747,3.25236e-05,1.66333e-05,3.14794e-05,0.0010123,0.183807,0.000113999,0.810814,0.000176833,0.000702711,5.08679e-05,0.248715,4.22537e-06
green,rgb,0.816712,0.386772,0.515288,0.0186322,0.19807,0.600706,0.0126133,0.794853,0.569425,0.569745,0.425002,0.885664,0.229715,0.20063,0.13286,0.674239,0.10846,0.855231
green,shape,0.27172,0.357434,0.000496159,0.221893,0.353779,0.00673994,0.225408,0.372174,0.205683,0.0104057,0.00589947,0.796036,0.185875,0.400127,0.182042,0.36091,0.0765013,0.00437937
green,object,0.356896,0.22282,0.000866097,0.0847739,0.0131634,0.0240829,0.00772883,0.39109,0.130658,0.0162792,0.0220387,0.837924,0.07052,0.391434,0.022472,0.334269,0.00501354,0.0631059
half,rgb,0.809971,0.572715,0.921016,0.761417,0.807826,0.962075,0.898901,0.863016,0.959759,0.903815,0.412461,0.636316,0.72186,0.917875,0.686493,0.349704,0.882275,0.867671
half,shape,0.644377,0.33348,1.42367e-05,0.174114,2.42457e-06,2.00448e-06,0.00341398,0.00812064,0.147719,0.201955,4.24942e-06,1.78699e-16,1.92388e-16,9.66023e-10,1.45039e-07,8.98472e-10,0.000103209,0.039088
half,object,0.538153,0.330941,2.05014e-05,0.136869,3.53657e-05,1.12524e-05,0.00570872,0.00496172,0.158518,0.200122,4.12967e-06,8.53646e-17,1.48952e-16,2.74665e-09,3.29375e-07,4.54686e-10,3.70866e-05,0.0151682
halfcircle,rgb,0.00176317,0.0108954,0.0118995,0.0153352,0.00687413,0.00531187,0.122278,0.00905022,0.00477424,0.012025,0.0203856,0.00676523,0.030938,0.0229348,0.0129405,0.011179,0.0548326,0.00594693
halfcircle,shape,0.469423,0.331996,1.60347e-06,0.0504605,5.48759e-05,7.3897e-05,0.0805938,0.00937579,0.0990211,0.288619,8.87452e-07,3.02416e-09,2.44845e-08,5.89205e-07,2.44572e-06,1.27427e-09,0.00277048,0.00923158
halfcircle,object,0.546113,0.107677,1.86488e-05,0.0642722,0.000144497,0.0180911,0.0154895,0.0058966,0.113033,0.240108,4.39805e-08,3.61173e-07,1.24545e-07,1.57596e-05,4.40616e-07,3.74271e-10,0.000443506,0.0156088
halfcylinder,rgb,0.00156174,2.74037e-08,0.00664186,6.26095e-08,2.01242e-05,0.620739,3.87052e-07,0.00104689,0.549788,0.00294473,3.8795e-10,2.30743e-06,7.87854e-08,0.000429004,7.54683e-08,2.85709e-09,4.75808e-06,0.00295138
halfcylinder,shape,0.107015,0.0983079,1.56837e-09,6.82238e-05,6.44132e-06,3.52675e-08,0.000183761,0.00117008,0.239739,0.596182,0.000123334,2.18187e-11,7.11864e-10,4.08022e-08,0.000248493,3.80768e-12,0.00743689,0.22675
halfcylinder,object,0.0483578,0.00182403,8.25915e-08,1.68334e-05,1.02297e-05,8.6728e-06,4.25359e-05,0.000904131,0.330197,0.505668,5.54034e-06,3.37923e-09,8.97462e-09,1.28371e-06,3.18826e-05,8.65345e-11,0.00146432,0.149391
halfcylindrical,rgb,6.57293e-06,0.00265905,0.024613,9.05898e-06,1.38005e-05,0.000438295,0.0941108,0.0320202,0.000154245,0.0238806,0.0075537,0.00935617,0.0238004,0.0084638,0.000213033,0.00397576,0.148046,0.00820766
halfcylindrical,shape,0.00561538,0.00195834,0.000193133,0.00152816,4.39179e-05,9.43536e-07,0.000904257,0.000539158,0.00587583,0.2269,0.000157018,4.07711e-12,1.69918e-11,1.18659e-06,6.06429e-07,2.29544e-06,2.83089e-05,0.007248
halfcylindrical,object,0.000196059,0.00124156,0.000221644,0.00167827,0.000363481,1.5119e-07,0.00629088,0.000773452,0.00254829,0.236427,0.000334362,2.89718e-11,3.01851e-10,1.78156e-06,1.53482e-06,5.70608e-06,0.000182588,0.00370188
head,rgb,0.0170436,0.00638013,0.259172,0.0855637,0.0622961,0.499176,0.615053,0.0676467,0.467616,0.189511,0.00235046,0.0046571,0.038511,0.371098,0.0244609,0.00121158,0.318199,0.0539255
head,shape,0.101077,7.11882e-06,0.93466,9.33057e-06,2.91774e-09,7.41057e-05,0.000109814,2.12693e-05,1.84178e-05,8.16458e-08,1.23532e-11,1.06335e-08,9.27269e-09,0.000307802,2.70475e-09,3.84645e-09,1.90022e-05,1.40349e-05
head,object,0.179983,2.16827e-05,0.906078,9.19623e-06,1.75337e-09,5.41567e-05,6.83629e-05,1.23517e-05,1.72645e-05,6.15885e-08,1.23277e-11,4.38283e-09,4.06008e-09,0.00019075,2.86866e-09,6.71934e-09,1.07342e-05,1.09705e-05
hemisphere,rgb,0.00441693,0.00109412,0.0688791,0.00177193,0.00479672,0.13668,0.0444339,0.0290302,0.109726,0.052769,0.00056081,0.0029252,0.00549882,0.0524388,0.00170976,0.000451388,0.0399613,0.0250371
hemisphere,shape,0.123683,0.331749,6.57741e-05,0.00948015,1.18422e-05,2.53825e-07,0.00291757,0.00185724,0.232355,0.222965,0.000380914,8.36136e-13,4.17762e-13,1.55924e-07,3.3748e-05,5.62476e-10,0.0106928,0.317992
hemisphere,object,0.0426054,0.255409,6.83052e-05,0.0027841,1.00752e-05,6.69877e-07,0.00227731,0.0016354,0.288929,0.217245,0.000254981,7.30683e-13,2.17064e-12,5.04438e-07,8.12626e-05,4.45381e-10,0.0138686,0.216155
isgreen,rgb,0.99575,0.00059316,0.0243944,6.56929e-08,0.00120496,0.755519,2.61134e-11,0.361718,0.757935,0.0271353,1.83591e-05,0.583766,2.33794e-06,9.65634e-05,1.04422e-05,0.00143271,1.25892e-07,0.887399
isgreen,shape,0.00464398,0.0098227,4.51673e-06,1.5435e-05,3.72313e-05,4.18661e-06,9.63834e-05,0.00192163,0.372296,0.0187373,1.20987e-07,7.41797e-06,4.17489e-06,0.00064985,4.86651e-05,6.24277e-10,0.000122497,0.0293966
isgreen,object,0.0064045,0.00334789,5.67893e-06,6.32125e-06,3.40336e-05,3.17859e-05,2.49705e-05,0.00293083,0.563557,0.0193614,8.31716e-08,1.00381e-05,2.46788e-06,0.000503433,4.38597e-05,1.08935e-09,6.98243e-05,0.0606918
isyellow,rgb,0.000193503,0.124306,1.17687e-05,0.00157215,0.000466471,1.97379e-07,0.000190744,0.000226984,2.15869e-07,4.44779e-05,0.817215,0.0496547,0.0196121,2.20612e-05,0.0129774,0.808812,0.000285147,0.000120232
isyellow,shape,3.58432e-06,0.112785,2.59348e-10,0.00681256,2.08984e-08,1.64192e-07,2.92523e-05,0.00291287,0.00271419,1.4507e-05,6.729e-06,1.06075e-09,2.36503e-08,5.47398e-09,0.000203544,9.57891e-12,2.31307e-05,0.0445553
isyellow,object,5.1489e-06,0.111827,5.5257e-10,0.00397341,2.5201e-08,2.53507e-07,2.66864e-05,0.00342859,0.00315386,1.65472e-05,8.32313e-06,2.96715e-09,3.27968e-08,9.30384e-09,0.000208102,1.57087e-11,2.19184e-05,0.0536061
lemon,rgb,9.94342e-14,0.0199202,5.81009e-06,1.73592e-10,1.24526e-12,6.20849e-13,0.0209328,0.000322247,3.56952e-14,1.791e-05,0.822984,0.01402,0.0923487,9.90461e-07,2.29085e-06,0.383861,0.0755245,5.54056e-06
lemon,shape,1.11967e-05,2.58262e-05,7.54101e-11,3.19386e-06,1.59312e-07,1.80617e-05,1.08251e-05,1.46806e-05,0.000112051,2.10284e-06,0.356849,0.000988896,0.310864,7.70526e-07,0.363163,0.0061005,0.00569248,1.10869e-05
lemon,object,5.82046e-06,6.27055e-05,1.53921e-10,2.02406e-06,1.99439e-07,1.38085e-05,1.38655e-05,2.71769e-05,7.34189e-05,2.23719e-06,0.39141,0.00251195,0.330234,1.20769e-06,0.274688,0.0103849,0.00662843,1.57314e-05
lime,rgb,2.71692e-05,0.0407069,0.00346559,3.37723e-11,1.43911e-08,3.54575e-06,7.7838e-08,0.253033,6.03694e-07,0.0076944,0.0660913,0.893904,0.00133454,1.15282e-05,3.88306e-06,0.348286,0.000135059,0.183727
lime,shape,0.107033,5.85228e-06,0.15081,3.23241e-06,2.06461e-06,0.062555,0.000759074,6.4851e-05,2.962e-05,2.4023e-05,1.58817e-06,0.591523,0.0589726,0.66336,2.39939e-08,1.33495e-07,0.00621004,3.19522e-05
lime,object,0.0925178,3.14893e-06,0.136191,1.3336e-06,2.26397e-06,0.0837156,0.000453481,0.000123685,4.16709e-05,3.29627e-05,2.70109e-06,0.658761,0.0661325,0.669113,2.39736e-08,1.4998e-07,0.00829816,5.20752e-05
orange,rgb,0.176829,0.856109,0.214069,0.888815,0.574271,0.0500075,0.885715,0.251614,0.0533581,0.251059,0.950739,0.562887,0.853726,0.418037,0.850564,0.925667,0.725756,0.1778
orange,shape,1.4808e-07,0.000995311,5.46933e-10,0.540387,2.80941e-05,0.000970816,2.47665e-05,0.000470843,3.76551e-06,5.29456e-05,0.000170689,2.24725e-06,0.879786,7.6501e-05,2.01688e-05,2.93639e-06,0.666731,0.0230608
orange,object,2.80512e-07,0.000558812,7.39011e-10,0.593043,0.000403227,0.00543236,2.038e-05,0.000737664,1.61556e-05,5.52321e-05,0.000390054,4.5515e-06,0.912987,0.000199688,9.40504e-05,4.28419e-06,0.731781,0.025014
plantain,rgb,0.257284,0.170093,0.60904,3.12471e-07,0.000353637,0.235117,1.77585e-05,0.956861,0.104015,0.617517,0.107307,0.98836,0.025744,0.0180468,0.00082861,0.455288,0.00969185,0.973016
plantain,shape,0.000135913,0.049725,1.08092e-05,0.109784,3.86551e-08,1.77943e-08,2.07931e-08,0.246632,9.15546e-07,5.7788e-07,6.59725e-11,8.42529e-17,2.03836e-12,7.64451e-11,7.31994e-08,1.74631e-13,2.3083e-05,8.73745e-07
plantain,object,0.00013255,0.235952,2.50366e-05,0.168562,5.12111e-09,2.97035e-09,1.54453e-08,0.224017,1.93326e-07,1.33588e-06,1.79208e-11,6.91634e-18,2.95677e-13,1.79709e-11,5.1515e-08,1.7737e-13,9.75355e-06,9.53067e-07
potato,rgb,0.0520062,0.433962,0.761709,0.112815,0.132182,0.434543,0.98091,0.865217,0.3163,0.81049,0.850249,0.795005,0.926858,0.86644,0.26267,0.696899,0.977701,0.755523
potato,shape,2.93743e-06,0.000544772,2.36603e-05,1.95991e-05,3.0979e-08,0.00279404,4.19891e-06,6.93134e-05,1.99562e-05,4.36614e-08,0.00305203,8.36146e-11,0.000151116,2.5769e-07,0.190084,0.00375645,0.176941,5.76523e-07
potato,object,1.23149e-06,0.000206552,1.83882e-05,1.774e-05,1.10733e-07,0.00472573,5.03004e-06,9.40544e-05,3.37281e-05,6.10494e-08,0.00444451,1.54182e-10,0.000212401,3.60483e-07,0.193173,0.0032054,0.199365,8.68404e-07
potatoe,rgb,0.000421412,0.0267835,0.0284009,0.000633013,0.000743198,0.00167002,0.106953,0.0496574,0.000979372,0.0314199,0.115845,0.0646658,0.0966388,0.0193646,0.00438541,0.0751583,0.140984,0.0228769
potatoe,shape,9.94193e-06,0.00120306,2.76085e-07,0.000763247,1.10526e-08,0.000323405,3.24458e-06,8.38893e-05,3.44837e-05,6.05586e-07,0.260993,7.5596e-10,1.61025e-06,3.88581e-08,0.199615,6.49992e-05,0.00111605,7.01644e-05
potatoe,object,4.65917e-06,0.000769963,2.15868e-07,0.00031168,1.27712e-08,0.000239586,3.16151e-06,8.80509e-05,3.01788e-05,5.26485e-07,0.264115,9.25273e-10,1.67049e-06,4.00781e-08,0.199351,6.04955e-05,0.00120453,6.38382e-05
purple,rgb,0.924093,0.517672,0.91116,0.678123,0.828908,0.974298,0.589421,0.864383,0.974338,0.889387,0.265298,0.666866,0.515841,0.857339,0.610965,0.29162,0.685923,0.897043
purple,shape,0.00390043,4.19918e-05,0.67789,7.04831e-06,8.54062e-08,0.00166027,0.000524578,6.78003e-07,3.37407e-05,0.732641,2.15701e-08,3.04025e-09,6.18821e-06,0.00360355,1.67016e-08,6.82616e-11,0.00950052,4.85387e-06
purple,object,0.0259338,6.1029e-05,0.680636,1.00061e-05,1.5907e-07,0.00778957,8.55032e-05,1.28033e-06,0.000204902,0.744799,7.6328e-08,1.44717e-08,8.79258e-06,0.00382673,4.75138e-08,1.76067e-10,0.00688338,1.96396e-05
rectangle,rgb,0.198956,0.0398613,0.167527,0.0579985,0.105639,0.341027,0.0413877,0.130634,0.340799,0.146655,0.0187872,0.0642439,0.0377785,0.117109,0.0495362,0.0216843,0.0586657,0.159918
rectangle,shape,0.965915,0.0687565,0.000179782,0.00287782,0.191859,0.394006,0.999817,0.127664,0.236376,0.374295,3.77436e-06,4.39034e-07,0.000426699,0.00218122,3.75522e-06,0.568713,0.00114071,0.567648
rectangle,object,0.912833,0.0104495,0.000221071,0.00467533,0.3004,0.694167,0.998796,0.125847,0.408533,0.217836,7.36833e-06,4.18492e-07,0.000205733,0.00337528,2.90151e-05,0.438026,0.000752188,0.457199
rectangleshape,rgb,0.983084,0.00498095,0.00488546,0.000189093,0.0179362,0.0742805,7.43934e-10,0.0247871,0.107566,0.00302786,0.000327537,0.199528,1.27082e-05,3.87249e-05,0.000653518,0.0184248,2.44246e-07,0.184626
rectangleshape,shape,0.0929267,9.17445e-06,6.07566e-07,0.321638,0.209378,0.00520565,0.610916,0.121053,0.0141849,0.0032983,2.18781e-05,2.70614e-05,1.55998e-05,0.000169237,0.000317428,0.252659,0.000177523,0.0179234
rectangleshape,object,0.230266,1.32057e-06,5.48959e-07,0.235,0.205489,0.0231404,0.227752,0.124015,0.0553102,0.00225009,2.89459e-05,0.000218445,2.20233e-05,0.000234925,0.000405991,0.259676,0.000128656,0.0670854
rectangular,rgb,0.958455,0.846668,0.809606,0.815538,0.886108,0.888225,0.37373,0.843726,0.89795,0.80852,0.768454,0.882803,0.6801,0.714604,0.827368,0.847862,0.545175,0.884549
rectangular,shape,0.774677,0.000913004,0.000103426,0.000751778,0.00271857,0.00233355,0.972869,0.0582398,0.173146,0.135173,7.61295e-07,4.02024e-06,5.41429e-05,0.000334189,6.57951e-05,0.171365,0.000971377,0.355569
rectangular,object,0.613299,0.000445709,0.000163963,0.00106847,0.0813239,0.00723265,0.942929,0.09515,0.3189,0.102353,1.93404e-06,6.66108e-06,4.30409e-05,0.000790776,6.47641e-05,0.0953398,0.00197206,0.225191
red,rgb,0.449056,0.262933,0.809392,0.706001,0.642073,0.903531,0.905173,0.593833,0.899178,0.755763,0.13975,0.208824,0.493246,0.852378,0.47474,0.0897766,0.814526,0.574459
red,shape,0.34747,0.0319811,0.76617,0.0930097,7.5012e-09,0.761147,0.267742,0.000588494,0.409382,0.223138,0.000193101,0.167148,0.0999046,0.968923,1.01304e-05,1.4113e-06,0.335984,0.176875
red,object,0.285506,0.0889174,0.869682,0.0770522,3.62642e-06,0.742423,0.608663,0.000712755,0.330189,0.301488,0.00590642,0.315878,0.227786,0.979175,0.00065748,0.000100053,0.44443,0.142608
round,rgb,0.00164177,0.0125251,0.0383789,0.00216823,0.00284731,0.00962742,0.104517,0.0405862,0.00681649,0.0381406,0.0298074,0.026272,0.0489885,0.033864,0.00572056,0.0192943,0.103008,0.0244454
round,shape,0.00875876,0.0186166,0.000731477,2.34494e-07,1.99513e-15,3.77916e-06,1.0718e-08,1.43095e-05,0.00035518,0.00679095,0.000467786,5.20089e-06,2.23679e-07,0.0142831,2.01501e-08,4.09686e-11,0.00675363,0.02468
round,object,0.00207132,0.0598396,0.00105087,4.62786e-07,9.68714e-15,4.61043e-07,6.12768e-08,5.35798e-06,7.14846e-05,0.00398467,0.000738818,4.07465e-06,2.94808e-07,0.0174661,8.60357e-09,4.20442e-10,0.00621523,0.0336411
rounded,rgb,0.184965,0.016781,0.00848971,0.000420567,0.00587217,0.0151963,3.16146e-05,0.0395662,0.0153551,0.0109644,0.0142358,0.144542,0.00258587,0.001557,0.00332407,0.0637238,0.000456074,0.0763362
rounded,shape,0.000317968,3.26799e-06,1.71465e-10,7.45451e-07,1.12422e-10,1.08192e-06,0.00292118,0.000376633,2.46287e-05,0.0328409,6.81163e-07,1.62696e-06,1.99798e-07,1.10047e-06,4.72234e-07,2.56384e-08,3.91275e-05,2.91728e-05
rounded,object,9.55517e-06,2.6323e-07,3.79932e-11,3.34029e-08,5.9127e-11,1.16269e-05,8.56726e-06,0.000432303,0.00039176,0.00801942,2.96363e-07,9.50028e-07,6.17648e-08,3.64346e-07,2.20804e-07,6.11177e-10,1.22234e-05,0.000125118
semicircle,rgb,0.0117543,0.00840325,0.0801584,0.00512124,0.0110711,0.0852514,0.062156,0.0601376,0.0701793,0.0719898,0.00786037,0.0198244,0.0244519,0.0630211,0.00773327,0.00643204,0.0691237,0.0518256
semicircle,shape,0.601253,0.333446,4.01426e-06,0.149234,2.13242e-05,3.76779e-06,0.00397667,0.0104884,0.151642,0.205352,9.08028e-06,1.85294e-16,3.65813e-16,1.36841e-09,4.88475e-07,7.18493e-09,7.68866e-05,0.0427966
semicircle,object,0.385562,0.330846,7.60491e-06,0.0708791,0.000207218,5.9086e-06,0.00738752,0.00641598,0.159238,0.201523,7.27452e-06,6.07942e-17,2.46269e-16,2.91894e-09,9.46634e-07,2.035e-09,5.16305e-05,0.0218378
sphere,rgb,0.0014605,0.0113523,0.0334498,0.000850417,0.001642,0.00713542,0.0475365,0.0434555,0.00480886,0.0339255,0.0271429,0.0329375,0.0368913,0.0217439,0.00348384,0.0203983,0.0679969,0.0269966
sphere,shape,0.000118071,0.00260324,6.15917e-10,1.17441e-08,4.61213e-15,1.27786e-08,1.15309e-07,1.32466e-06,0.025937,0.061868,7.43374e-09,2.61997e-08,3.77519e-08,0.000106174,4.90482e-09,3.01019e-17,0.00494163,0.000772892
sphere,object,9.87607e-05,9.00728e-06,2.28319e-10,5.89393e-10,9.45902e-16,6.81821e-07,5.3406e-09,1.01507e-06,0.0431258,0.0484252,2.96422e-10,6.72017e-08,1.86368e-08,0.000191875,6.07065e-10,6.57706e-19,0.000646923,0.000789615
spherical,rgb,0.000696075,0.00921209,0.0426914,0.000405435,0.000850568,0.00637164,0.0641739,0.0525595,0.00381326,0.0420017,0.0219577,0.0305679,0.0385586,0.0239227,0.00220411,0.0152928,0.0954187,0.0284929
spherical,shape,6.00315e-09,6.94726e-09,1.49939e-14,7.36805e-10,7.98478e-17,2.59703e-06,3.37055e-10,8.13665e-09,9.35199e-05,3.87816e-05,4.69459e-07,0.00111956,0.000333833,0.0199402,2.0328e-13,1.29172e-16,0.000233835,8.70367e-05
spherical,object,1.50143e-09,1.78723e-09,2.04884e-14,6.01355e-10,6.75993e-17,6.18123e-06,1.35717e-10,7.29824e-09,0.000106812,3.87284e-05,4.92137e-07,0.000901937,0.000260691,0.0296998,9.38219e-14,2.72227e-17,0.000268161,0.000134935
square,rgb,0.0150716,0.0692152,0.111468,0.0107947,0.0168295,0.0369372,0.168394,0.1474,0.0285174,0.117764,0.154329,0.14794,0.159902,0.0928389,0.0309422,0.127812,0.20649,0.107948
square,shape,0.0425448,0.000469263,0.000244926,0.00136008,0.201594,0.426124,0.428029,0.000336824,8.70475e-05,0.00109354,4.93213e-09,2.05703e-06,1.60185e-05,0.0189102,4.22253e-07,0.095809,0.000302224,0.000162226
square,object,0.103171,6.23883e-05,0.000312138,0.000105676,0.203477,0.692354,0.159876,0.000459004,0.000342225,0.000316101,1.24286e-09,3.08547e-06,1.37563e-05,0.0132756,4.33659e-07,0.0697247,0.000205694,0.00067795
squareshape,rgb,0.000288087,0.0211793,0.02091,0.000696767,0.000652402,0.00120383,0.118515,0.0341365,0.000718566,0.0230832,0.0988394,0.043681,0.0856172,0.0167145,0.00398006,0.0588601,0.130872,0.0150308
squareshape,shape,0.01857,6.52323e-05,0.0010419,6.08195e-05,0.134594,0.47068,0.000110463,2.29317e-05,3.08297e-05,1.70253e-05,1.32787e-12,5.27799e-06,3.16409e-05,0.0392644,9.57203e-11,0.000559612,0.000164009,0.000588149
squareshape,object,0.00204439,2.09362e-05,0.00150924,1.52104e-05,0.0959565,0.445645,0.000132849,2.92333e-05,1.73503e-05,1.47693e-05,2.58825e-12,8.02484e-06,3.79975e-05,0.0305623,1.36072e-10,0.00232817,0.000169392,0.000730782
tomato,rgb,8.80812e-11,0.0275042,0.00200528,4.60258e-07,5.239e-09,1.55361e-08,0.93865,0.00930518,1.66035e-09,0.00315493,0.597866,0.013268,0.502041,0.00126579,0.000139918,0.116362,0.89255,0.000240284
tomato,shape,1.29573e-05,4.76016e-05,1.1991e-08,1.53344e-05,1.31483e-09,0.000126292,4.91402e-06,2.58452e-05,0.000134482,7.14371e-07,0.45933,1.87513e-05,0.0204505,8.0129e-07,0.285767,6.07434e-06,0.88593,5.20646e-05
tomato,object,4.71737e-06,6.87714e-05,2.22866e-08,1.16984e-05,3.72102e-09,6.61505e-05,2.64312e-05,3.55228e-05,8.53288e-05,8.95283e-07,0.491596,3.56529e-05,0.0396308,2.09577e-06,0.282297,2.82405e-05,0.931675,5.97965e-05
triangle,rgb,0.888361,0.87936,0.803519,0.870273,0.867826,0.803785,0.745917,0.82532,0.811641,0.807921,0.877095,0.870383,0.830019,0.790103,0.870132,0.894144,0.772265,0.836497
triangle,shape,0.013795,2.56625e-05,5.91698e-10,0.000532862,3.68089e-18,2.51787e-06,0.00288924,9.36349e-06,0.0132776,0.0210421,4.03426e-07,7.23457e-09,9.98105e-10,1.63918e-07,1.40503e-11,1.82005e-20,1.19425e-07,0.65276
triangle,object,0.0375819,2.17288e-05,4.50159e-10,0.000994841,9.08534e-18,5.24379e-06,0.00340082,3.82969e-05,0.0239469,0.0207138,5.45218e-07,1.45107e-08,1.50709e-09,2.8696e-07,3.6597e-11,7.61024e-20,1.61152e-07,0.700231
triangleshaped,rgb,2.40129e-08,3.06462e-11,0.00719858,0.000108418,1.32541e-05,0.820908,0.755612,2.52152e-06,0.77271,0.0012045,5.09757e-14,2.26163e-12,4.58376e-08,0.0768242,3.72429e-08,2.23727e-14,0.00690251,8.65519e-07
triangleshaped,shape,8.19131e-05,4.0124e-05,3.15637e-08,6.75355e-06,5.40276e-17,1.05933e-05,0.00519683,1.40818e-06,0.014137,0.00916896,8.80034e-07,1.16178e-09,1.04016e-08,3.78414e-07,2.26926e-10,1.86243e-18,3.92777e-06,0.361433
triangleshaped,object,3.85524e-05,3.12776e-05,2.02048e-08,7.81489e-06,2.67828e-16,7.19547e-06,0.0104717,2.55326e-06,0.0135655,0.00697311,6.48277e-07,6.46364e-10,1.10032e-08,4.20549e-07,5.48756e-10,4.20534e-18,6.71937e-06,0.315325
triangular,rgb,0.0127697,0.021192,0.080258,0.015117,0.0188428,0.0598312,0.146099,0.0652069,0.050679,0.0764246,0.0272965,0.0322684,0.0582512,0.084317,0.0199744,0.0194689,0.12395,0.051391
triangular,shape,0.0170699,4.07656e-05,6.67622e-10,0.000803598,1.00595e-17,3.12914e-06,0.00335562,2.66567e-05,0.0136496,0.0266608,1.67341e-06,2.39178e-08,3.00099e-09,2.84258e-07,6.48347e-11,1.09266e-19,2.24653e-07,0.732606
triangular,object,0.04052,2.73652e-05,4.88041e-10,0.00103413,2.1297e-17,6.68788e-06,0.00296651,8.14785e-05,0.0214769,0.0213702,1.35461e-06,3.72034e-08,3.76781e-09,4.24013e-07,1.23663e-10,3.6466e-19,2.81149e-07,0.727427
wedge,rgb,0.0771452,0.0562931,0.132425,0.0556644,0.0721534,0.155727,0.115861,0.116113,0.147972,0.126861,0.0503591,0.0744837,0.0800904,0.125102,0.0597478,0.0458229,0.118294,0.114025
wedge,shape,0.0340436,4.02574e-05,1.08097e-09,0.00124032,1.41751e-17,3.19861e-06,0.00382044,3.03183e-05,0.0189866,0.0318406,1.39602e-06,1.48994e-08,1.67816e-09,2.38029e-07,4.44614e-11,8.26355e-20,1.70159e-07,0.747943
wedge,object,0.0664756,2.69633e-05,7.45672e-10,0.00173443,3.01263e-17,6.52159e-06,0.00342198,7.82251e-05,0.0289322,0.0254669,1.09034e-06,2.09129e-08,2.07146e-09,3.29508e-07,8.24553e-11,2.26742e-19,2.11526e-07,0.737408
white,rgb,0.336993,0.185925,0.106679,0.706778,0.440009,0.0872896,0.0367954,0.0187386,0.121071,0.0394856,0.0426822,0.0221062,0.0320465,0.0470656,0.350086,0.0545452,0.0185757,0.0256314
white,shape,8.6632e-08,0.0564083,0.000102596,0.329711,0.510373,3.55996e-05,3.44162e-06,0.00169414,0.000458171,0.0093224,2.24144e-05,1.13749e-08,3.32564e-07,9.34677e-07,0.000771843,0.000559748,2.56827e-05,0.000611569
white,object,1.19007e-08,0.0441955,7.37056e-05,0.237462,0.520669,1.26587e-05,2.28777e-06,0.00524566,0.000308667,0.00751938,4.63069e-05,2.0887e-08,4.13818e-07,7.60804e-07,0.000348847,0.00293249,2.69631e-05,0.000704035
yellow,rgb,0.237107,0.61619,0.0767816,0.321345,0.244466,0.0270336,0.112957,0.163072,0.0291617,0.101626,0.799517,0.529101,0.402392,0.0819058,0.447902,0.838311,0.137371,0.153762
yellow,shape,0.0143296,0.2419,1.06202e-12,0.0349753,0.00317205,0.000109085,9.19981e-06,0.0800079,0.00068625,6.28479e-07,0.715884,0.0225793,0.132403,5.37274e-07,0.942901,0.523674,0.00132743,0.000251715
yellow,object,0.00252831,0.273332,1.33766e-11,0.008428,0.00365737,4.96852e-06,0.000124586,0.0946254,8.54095e-05,3.09323e-06,0.802465,0.0364919,0.181318,1.88024e-06,0.857686,0.802839,0.00361561,0.00012811
