Epoch, Color Log Likelihood, Shape Loglikehood, Object Loglikelihood
1,36579.8,49135.7,47539.8
2,33981.5,41378.7,39368.8
3,32444.8,37545.9,35189.5
4,31417.4,34752.2,32269.7
5,30675.2,32736.9,30394.4
6,30110.4,31310.6,29018.3
7,29664.4,30381.9,27899.5
8,29302.5,29551,26925.4
9,29002.4,28675,26066.2
10,28749.3,27839.7,25408.7
11,28533.1,27116.8,24918.3
12,28346.1,26576.2,24213.4
13,28182.9,26105.6,23818.7
14,28039.3,25708.2,23471.4
15,27912,25342.2,23060.5
16,27798.5,25000.8,22741.1
17,27696.5,24683.5,22445.2
18,27604.6,24419.7,22192.1
19,27521.3,24174.7,21964.3
20,27445.4,23938.6,21745.7
21,27376.1,23746.3,21562.4
22,27312.4,23506.7,21359.3
23,27253.9,23282.6,21165.6
24,27199.8,23071.6,20974.6
25,27149.6,22871,20788
26,27103.1,22676.4,20608.3
27,27059.7,22487.1,20438.1
28,27019.2,22304.1,20278.9
29,26981.3,22128.8,20130.3
30,26945.8,21963.1,19991.1
31,26912.4,21807.6,19860.2
32,26880.9,21661.4,19736.5
33,26851.3,21523.2,19619.4
34,26823.2,21391.5,19508.3
35,26796.7,21265.8,19403.3
36,26771.6,21145.5,19304.2
37,26747.7,21030.2,19210.7
38,26725,20919.6,19122.7
39,26703.5,20813.4,19039.7
40,26682.9,20711.4,18961.6
41,26663.3,20613.3,18888.1
42,26644.5,20518.9,18819
43,26626.6,20428.2,18754.1
44,26609.5,20341.1,18693.6
45,26593,20257.3,18637.2
46,26577.3,20176.9,18584.5
47,26562.2,20099.7,18534.4
48,26547.6,20025.6,18487.2
49,26533.7,19954.4,18443.5
50,26520.2,19886.2,18403.2
51,26507.3,19820.8,18365.3
52,26494.8,19758.2,18328.5
53,26482.8,19698.3,18289.9
54,26471.2,19640.9,18251.1
55,26460,19586,18215.5
56,26449.1,19533.5,18183.6
57,26438.7,19483.3,18154.4
58,26428.5,19435.2,18126.3
59,26418.7,19389.2,18099
60,26409.2,19345.2,18071.7
61,26400,19303.1,18043.6
62,26391.1,19262.9,18015.6
63,26382.4,19224.4,17989
64,26374,19187.8,17964.4
65,26365.9,19152.8,17941.6
66,26357.9,19119.2,17920.2
67,26350.2,19087.7,17901.4
68,26342.7,19056,17884.1
69,26335.4,19025.1,17866.1
70,26328.3,18991.6,17847.2
71,26321.4,18957.9,17828.7
72,26314.7,18924.2,17810.7
73,26308.1,18891.3,17793.4
74,26301.8,18860.1,17776.7
75,26295.5,18829.3,17760.4
76,26289.4,18798.7,17744.5
77,26283.5,18768.7,17729
78,26277.7,18739.6,17713.8
79,26272.1,18711.7,17698.8
80,26266.6,18684.7,17684.1
81,26261.2,18658.4,17669.6
82,26255.9,18632.7,17655.4
83,26250.7,18607.7,17641.5
84,26245.7,18583.1,17627.8
85,26240.8,18559.2,17614.4
86,26236,18535.7,17601.3
87,26231.2,18512.9,17588.4
88,26226.6,18490.5,17575.9
89,26222.1,18468.8,17563.6
90,26217.7,18447.5,17551.6
91,26213.3,18426.8,17539.9
92,26209.1,18406.7,17528.4
93,26204.9,18387,17517.3
94,26200.8,18367.9,17506.3
95,26196.8,18349.3,17495.7
96,26192.9,18331.3,17485.2
97,26189.1,18313.8,17474.9
98,26185.3,18296.8,17464.8
99,26181.6,18280.2,17454.9
100,26177.9,18264.2,17445.2
101,26174.3,18248.6,17435.6
102,26170.8,18233.4,17426.4
103,26167.4,18218.7,17417.3
104,26164,18204.4,17408.5
105,26160.7,18190.4,17400.1
106,26157.4,18176.7,17392
107,26154.2,18163.3,17384.2
108,26151,18150.2,17376.9
109,26147.9,18137.4,17370.2
110,26144.9,18125,17364.1
111,26141.9,18112.8,17358.7
112,26138.9,18100.9,17354.1
113,26136,18089.5,17350.4
114,26133.2,18078.5,17347.7
115,26130.3,18067.9,17346.3
116,26127.6,18057.9,17346.1
117,26124.9,18048.3,17347.2
118,26122.2,18039.4,17349.7
119,26119.5,18030.8,17353.6
120,26116.9,18023,17358.4
121,26114.4,18015.7,17363.6
122,26111.8,18009,17368.6
123,26109.4,18002.9,17373
124,26106.9,17996.9,17376.4
125,26104.5,17991.3,17378.8
126,26102.1,17986,17380.7
127,26099.8,17980.5,17381.9
128,26097.5,17975.2,17382.5
129,26095.2,17968.7,17382.8
130,26092.9,17963.8,17382.4
131,26090.7,17955.8,17381.4
132,26088.5,17951.4,17380
133,26086.4,17945,17377.4
134,26084.3,17939.3,17373.9
135,26082.2,17945.4,17368.8
136,26080.1,17919.4,17361.2
137,26078,17906.1,17344.9
138,26076,17901.8,17294.6
139,26074,17911.9,17297.1
140,26072.1,17885.5,17285.4
141,26070.1,17880.8,17278.3
142,26068.2,17875.2,17271.9
143,26066.3,17872.3,17273.3
144,26064.5,17871,17309
145,26062.6,17867.5,17309.6
146,26060.8,17862.2,17293.8
147,26059,17853.5,17268.4
148,26057.3,17854.8,17236.2
149,26055.5,17819.1,17230.5
150,26053.8,17805.6,17235.7
151,26052.1,17797.8,17255.6
152,26050.4,17798,17232.4
153,26048.7,17798.2,17214.4
154,26047.1,17763.8,17185.2
155,26045.4,17748.5,17171.8
156,26043.8,17722.6,17161.4
157,26042.2,17706.4,17159.8
158,26040.6,17678.1,17164.6
159,26039.1,17665.9,17189.9
160,26037.5,17664.5,17159
161,26036,17664.1,17160.2
162,26034.5,17681,17143
163,26033,17623.9,17133.5
164,26031.6,17628.4,17126.9
165,26030.1,17639.7,17111.3
166,26028.7,17604.8,17095.7
167,26027.2,17590.6,17084.3
168,26025.8,17577.9,17052.4
169,26024.4,17599.3,17030.7
170,26023.1,17570.1,17046.6
171,26021.7,17547,17016.8
172,26020.3,17547.7,17020
173,26019,17546.7,17024.2
174,26017.7,17539,17026.6
175,26016.4,17556.5,17030.5
176,26015.1,17556.5,17010.3
177,26013.8,17506.5,17014.4
178,26012.5,17538.1,17046.6
179,26011.3,17490.8,17021.1
180,26010,17510.4,17015.7
181,26008.8,17482.6,17006.3
182,26007.6,17463.8,16998
183,26006.4,17434.7,17001.8
184,26005.2,17418.8,16999.4
185,26004,17432.3,16957.9
186,26002.8,17430.1,16983.8
187,26001.7,17404.6,16969.3
188,26000.5,17394.8,16962.7
189,25999.4,17392.6,16963.2
190,25998.2,17389.5,16955.4
191,25997.1,17397.3,16956.7
192,25996,17385.2,16964.9
193,25994.9,17370.3,16965.7
194,25993.8,17365.7,16973.2
195,25992.7,17350.1,16981.5
196,25991.7,17375,16977.3
197,25990.6,17375.8,16987.3
198,25989.6,17376.5,16994.6
199,25988.5,17371.6,16922.6
200,25987.5,17374.3,16920.8
201,25986.5,17368.3,16918.4
202,25985.5,17363.4,16915.2
203,25984.5,17364.2,16912.7
204,25983.5,17355.3,16986.4
205,25982.5,17348,16971.4
206,25981.5,17345,16971
207,25980.6,17341.7,16970.9
208,25979.6,17335.5,16973
209,25978.6,17322.9,16976.1
210,25977.7,17319.8,16976.3
211,25976.8,17311.6,16975
212,25975.8,17305.2,16973.6
213,25974.9,17302.8,16973.4
214,25974,17303.9,16974.2
215,25973.1,17310.1,16974.7
216,25972.2,17293.3,16975.5
217,25971.3,17281.8,16976.9
218,25970.4,17278.6,16978.6
219,25969.6,17270.8,16980.9
220,25968.7,17265.9,16984.6
221,25967.8,17264.7,16988.4
222,25967,17267,16992.9
223,25966.1,17273.1,16998
224,25965.3,17259.8,17002.8
225,25964.5,17247.8,17007.9
226,25963.6,17244.5,17012.4
227,25962.8,17236.1,17016.2
228,25962,17233,17019.7
229,25961.2,17232.2,17023.5
230,25960.4,17239.2,17026.5
231,25959.6,17238.4,17028.6
232,25958.8,17167.2,17032.1
233,25958,17165.8,17035
234,25957.3,17165.1,17000.7
235,25956.5,17164.7,17002.6
236,25955.7,17164.1,17006.9
237,25955,17164.2,17008.5
238,25954.2,17163,17009.8
239,25953.5,17162.1,17011.2
240,25952.7,17236.8,17012.3
241,25952,17224.7,17013.4
242,25951.2,17227.1,17014.6
243,25950.5,17228.6,16943.3
244,25949.8,17226.1,16944.1
245,25949.1,17232.3,16873.1
246,25948.4,17164.6,16873.8
247,25947.7,17166.5,16874.3
248,25947,17165,16874.8
249,25946.3,17163.2,16875.6
250,25945.6,17161.4,16839.9
251,25944.9,17159.5,16840.1
252,25944.2,17235.9,16840.1
253,25943.5,17223.5,16840.3
254,25942.9,17223.3,16840.8
255,25942.2,17221.1,16841
256,25941.5,17231.1,16840.8
257,25940.9,17158.7,16840.6
258,25940.2,17087.9,16840.8
259,25939.6,17088.9,16840.6
260,25938.9,17086.2,16840.4
261,25938.3,17083.8,16840.7
262,25937.7,17081.1,16840.7
263,25937,17078.6,16840.4
264,25936.4,17003.4,16839.8
265,25935.8,17001,16839.3
266,25935.2,17000.3,16838.8
267,25934.5,17063.8,16838.2
268,25933.9,17062.8,16837.9
269,25933.3,16991,16837.3
270,25932.7,16990.8,16836.6
271,25932.1,16989.6,16836.8
272,25931.5,16988.4,16799.9
273,25930.9,17061.4,16798.9
274,25930.3,17047,16798.9
275,25929.8,17044.8,16797.9
276,25929.2,17045,16797.1
277,25928.6,17044.2,16796.2
278,25928,17040,16795.3
279,25927.5,17048.9,16794.4
280,25926.9,17037.8,16793.9
281,25926.3,17033.6,16793
282,25925.8,17034.2,16792.1
283,25925.2,17031.7,16791
284,25924.7,17038,16790.2
285,25924.1,16968.8,16788.9
286,25923.6,16966.5,16751.6
287,25923,17045.8,16750.4
288,25922.5,17034.1,16749.3
289,25922,17029.8,16750.3
290,25921.4,16986.8,16749.5
291,25920.9,16983.1,16749
292,25920.4,16980,16748.4
293,25919.9,16978,16747.8
294,25919.3,16976.7,16747
295,25918.8,16974.6,16746.4
296,25918.3,16972.5,16744.4
297,25917.8,16970.5,16741.3
298,25917.3,16968.9,16738.5
299,25916.8,16967,16737.7
300,25916.3,16965.2,16736.7
301,25915.8,16963.3,16736
302,25915.3,16961.8,16735.4
303,25914.8,16959.9,16735.2
304,25914.3,16958.1,16735.2
305,25913.8,16956.1,16736.5
306,25913.3,16918.1,16737.6
307,25912.9,16916.6,16715.9
308,25912.4,16914.5,16728.6
309,25911.9,16912.3,16697.8
310,25911.4,16910.1,16728.7
311,25911,16907.8,16730.8
312,25910.5,16905.5,16731.5
313,25910,16904.8,16728.8
314,25909.6,16903.5,16717.8
315,25909.1,16829.8,16719.6
316,25908.7,16828.5,16679.1
317,25908.2,16827.8,16667.2
318,25907.7,16827.7,16679.7
319,25907.3,16828.5,16699.7
320,25906.8,16829.8,16670.2
321,25906.4,16830.2,16654.5
322,25906,16830.6,16665.4
323,25905.5,16830.3,16666.6
324,25905.1,16829.4,16684.3
325,25904.6,16821.8,16661.5
326,25904.2,16812.5,16635.5
327,25903.8,16760.3,16652
328,25903.3,16784.6,16654.6
329,25902.9,16779.1,16653.7
330,25902.5,16792.6,16651.7
331,25902.1,16772.1,16649.5
332,25901.7,16755.6,16647.2
333,25901.2,16762.7,16645.2
334,25900.8,16748.6,16643.3
335,25900.4,16751.7,16641.2
336,25900,16752.4,16640
337,25899.6,16747.9,16640.1
338,25899.2,16743,16641.4
339,25898.8,16739.7,16641.4
340,25898.4,16737.2,16640.8
341,25898,16737.2,16639.7
342,25897.6,16742.6,16638.5
343,25897.2,16751.9,16565.7
344,25896.8,16720.7,16564.9
345,25896.4,16735.5,16564.7
346,25896,16756.2,16565.3
347,25895.6,16734.3,16563.6
348,25895.2,16737.7,16563.1
349,25894.8,16752.8,16557.6
350,25894.4,16757,16559.5
351,25894.1,16757,16566.3
352,25893.7,16774.6,16580.5
353,25893.3,16774.3,16580.9
354,25892.9,16780.5,16564.7
355,25892.5,16778.5,16588.4
356,25892.2,16781.4,16587.7
357,25891.8,16780.5,16601.3
358,25891.4,16777.8,16591.9
359,25891.1,16772.6,16566.5
360,25890.7,16762,16575.3
361,25890.3,16774.7,16577.3
362,25890,16732.5,16576.2
363,25889.6,16714,16574
364,25889.3,16717.8,16571.7
365,25888.9,16717.1,16569.5
366,25888.5,16712.9,16567.4
367,25888.2,16714.1,16565.4
368,25887.8,16705.9,16563.5
369,25887.5,16692.1,16489.7
370,25887.1,16690.2,16488.2
371,25886.8,16686.2,16486.8
372,25886.4,16680.4,16485.7
373,25886.1,16676.7,16484.5
374,25885.8,16672.9,16483.3
375,25885.4,16598.7,16482.2
376,25885.1,16597,16481.2
377,25884.7,16594.6,16480.2
378,25884.4,16591.2,16480
379,25884.1,16588.8,16479
380,25883.7,16591.9,16478.1
381,25883.4,16608.9,16477.2
382,25883.1,16572.9,16476.6
383,25882.7,16597,16475.8
384,25882.4,16582.3,16474.9
385,25882.1,16593.2,16474
386,25881.8,16611.8,16473.1
387,25881.4,16620.8,16472.3
388,25881.1,16595.4,16471.4
389,25880.8,16612.7,16434.5
390,25880.5,16611.1,16433.6
391,25880.1,16612.9,16432.7
392,25879.8,16621.6,16431.8
393,25879.5,16631.1,16430.9
394,25879.2,16613.7,16430
395,25878.9,16545.2,16429.1
396,25878.6,16548.8,16428.6
397,25878.3,16551.9,16427.7
398,25878,16552,16426.7
399,25877.6,16549.2,16425.8
400,25877.3,16543.4,16424.9
401,25877,16532.3,16423.9
402,25876.7,16518.9,16423
403,25876.4,16519.4,16422
404,25876.1,16516.4,16421.1
405,25875.8,16489.1,16420.1
406,25875.5,16490.7,16419.1
407,25875.2,16484.2,16418.1
408,25874.9,16477.1,16417.1
409,25874.6,16471.4,16416.1
410,25874.3,16466.2,16415.1
411,25874.1,16461.9,16414.1
412,25873.8,16458.2,16413
413,25873.5,16455,16412
414,25873.2,16416,16410.9
415,25872.9,16413.2,16409.9
416,25872.6,16410.6,16408.8
417,25872.3,16408,16407.7
418,25872,16405.6,16406.6
419,25871.8,16403.7,16405.5
420,25871.5,16401.4,16405.1
421,25871.2,16398.8,16404
422,25870.9,16395.9,16402.9
423,25870.6,16392.9,16401.7
424,25870.4,16389.8,16400.6
425,25870.1,16387,16399.4
426,25869.8,16386.7,16398.2
427,25869.5,16421.8,16397
428,25869.3,16416.4,16395.9
429,25869,16392.8,16394.7
430,25868.7,16384.3,16393.5
431,25868.4,16415.2,16356.2
432,25868.2,16423.7,16354.9
433,25867.9,16400.8,16353.7
434,25867.6,16395.9,16352.4
435,25867.4,16389.3,16351.1
436,25867.1,16392.6,16349.9
437,25866.8,16392.5,16348.6
438,25866.6,16390,16347.3
439,25866.3,16385.7,16346
440,25866,16380.9,16344.6
441,25865.8,16376.4,16343.3
442,25865.5,16371.9,16342
443,25865.3,16367.7,16340.6
444,25865,16363.8,16339.2
445,25864.8,16360.9,16337.8
446,25864.5,16357.6,16336.5
447,25864.2,16354.6,16335
448,25864,16351.9,16333.6
449,25863.7,16349.4,16332.2
450,25863.5,16347,16330.8
451,25863.2,16344.9,16329.3
452,25863,16342.9,16327.8
453,25862.7,16305,16326.3
454,25862.5,16303.2,16324.9
455,25862.2,16301.5,16323.4
456,25862,16299.8,16321.8
457,25861.7,16298.1,16320.3
458,25861.5,16296.6,16318.7
459,25861.3,16295.1,16317.2
460,25861,16293.8,16315.6
461,25860.8,16292.5,16314.1
462,25860.5,16291.2,16312.4
463,25860.3,16289.5,16310.8
464,25860,16287.5,16309.3
465,25859.8,16285.1,16307.6
466,25859.6,16282.8,16306
467,25859.3,16280.6,16304.3
468,25859.1,16278.5,16302.6
469,25858.9,16276.5,16300.9
470,25858.6,16274.6,16299.3
471,25858.4,16272.7,16297.5
472,25858.2,16270.9,16295.8
473,25857.9,16269.1,16294
474,25857.7,16267.4,16292.2
475,25857.5,16265.7,16290.4
476,25857.2,16264,16288.6
477,25857,16262.3,16286.9
478,25856.8,16260.6,16285.1
479,25856.5,16259,16283.2
480,25856.3,16257.4,16281.3
481,25856.1,16255.7,16279.5
482,25855.9,16254,16277.5
483,25855.6,16252.3,16275.6
484,25855.4,16250.5,16273.7
485,25855.2,16248.8,16271.7
486,25855,16247.1,16269.8
487,25854.8,16245.4,16267.8
488,25854.5,16243.6,16229.8
489,25854.3,16241.8,16227.7
490,25854.1,16240.1,16225.7
491,25853.9,16238.3,16223.6
492,25853.7,16236.6,16221.5
493,25853.4,16234.8,16219.4
494,25853.2,16233,16217.2
495,25853,16231.3,16215.1
496,25852.8,16229.5,16213
497,25852.6,16227.7,16210.8
498,25852.4,16225.9,16208.5
499,25852.1,16224.1,16206.3
500,25851.9,16222.5,16204
501,25851.7,16220.7,16201.7
502,25851.5,16218.9,16199.3
503,25851.3,16217.1,16196.9
504,25851.1,16215.3,16194.5
505,25850.9,16213.6,16192.1
506,25850.7,16211.8,16189.6
507,25850.5,16210,16187.1
508,25850.3,16208.2,16184.7
509,25850.1,16206.5,16182.2
510,25849.8,16204.8,16179.6
511,25849.6,16203,16176.9
512,25849.4,16201.2,16174.2
513,25849.2,16199.4,16171.5
514,25849,16197.6,16168.8
515,25848.8,16195.8,16166
516,25848.6,16194,16163.1
517,25848.4,16192.3,16160.3
518,25848.2,16190.5,16157.3
519,25848,16188.7,16154.3
520,25847.8,16186.9,16151.3
521,25847.6,16185.2,16148.3
522,25847.4,16183.4,16145.1
523,25847.2,16181.6,16142
524,25847,16179.8,16138.9
525,25846.8,16178,16135.6
526,25846.6,16176.2,16132.3
527,25846.4,16174.5,16128.9
528,25846.3,16172.7,16125.4
529,25846.1,16134.8,16121.9
530,25845.9,16133,16118.3
531,25845.7,16131.2,16114.7
532,25845.5,16129.4,16110.9
533,25845.3,16127.6,16107.1
534,25845.1,16125.8,16103.3
535,25844.9,16124.1,16099.4
536,25844.7,16122.3,16095.4
537,25844.5,16120.5,16091.3
538,25844.3,16118.7,16087.2
539,25844.1,16116.9,16082.9
540,25844,16115.1,16078.6
541,25843.8,16113.3,16074.3
542,25843.6,16111.5,16069.8
543,25843.4,16109.6,16065.3
544,25843.2,16107.8,16060.7
545,25843,16106,16056.1
546,25842.8,16104.2,16051.3
547,25842.7,16102.3,16046.8
548,25842.5,16100.5,16041.9
549,25842.3,16098.7,16037
550,25842.1,16096.8,16032
551,25841.9,16095,16027
552,25841.7,16093.1,16021.9
553,25841.6,16091.3,16016.8
554,25841.4,16089.4,16011.6
555,25841.2,16087.8,16006.4
556,25841,16085.9,16001.2
557,25840.8,16084,15996
558,25840.7,16082.2,15990.7
559,25840.5,16080.3,15985.5
560,25840.3,16078.4,15980.2
561,25840.1,16076.5,15975
562,25840,16074.6,15969.8
563,25839.8,16072.7,15964.7
564,25839.6,16070.8,15959.5
565,25839.4,16068.9,15954.5
566,25839.3,16067,15949.5
567,25839.1,16065,15944.5
568,25838.9,16063.1,15939.6
569,25838.7,16061.2,15934.9
570,25838.6,16059.2,15930.1
571,25838.4,16057.2,15925.5
572,25838.2,16055.3,15921
573,25838,16053.3,15916.6
574,25837.9,16051.3,15912.2
575,25837.7,16049.3,15908
576,25837.5,16047.3,15903.9
577,25837.4,16045.3,15899.8
578,25837.2,16043.3,15895.9
579,25837,16041.2,15892.1
580,25836.9,16039.2,15888.3
581,25836.7,16037.1,15884.7
582,25836.5,16035,15881.2
583,25836.4,16032.9,15878
584,25836.2,16030.8,15874.7
585,25836,16028.7,15871.5
586,25835.9,16026.7,15868.3
587,25835.7,16024.6,15865.2
588,25835.5,16022.4,15862.2
589,25835.4,16020.2,15859.3
590,25835.2,16018,15856.5
591,25835,16015.7,15853.8
592,25834.9,16013.5,15851.1
593,25834.7,16011.2,15848.5
594,25834.6,16008.9,15845.9
595,25834.4,16006.6,15843.5
596,25834.2,16004.2,15841
597,25834.1,16001.9,15838.7
598,25833.9,15999.5,15836.4
599,25833.8,15997,15834.1
600,25833.6,15994.6,15831.9
601,25833.4,15992.1,15829.8
602,25833.3,15989.6,15827.7
603,25833.1,15987,15825.6
604,25833,15984.5,15823.6
605,25832.8,15981.9,15821.6
606,25832.6,15979.2,15819.6
607,25832.5,15976.5,15817.7
608,25832.3,15973.8,15815.8
609,25832.2,15971.1,15813.9
610,25832,15968.3,15812.1
611,25831.9,15965.4,15810.3
612,25831.7,15962.6,15808.5
613,25831.6,15959.7,15806.8
614,25831.4,15956.7,15805.1
615,25831.2,15953.7,15803.4
616,25831.1,15950.7,15801.7
617,25830.9,15947.6,15800
618,25830.8,15944.4,15798.4
619,25830.6,15941.3,15796.8
620,25830.5,15938,15795.2
621,25830.3,15934.7,15793.6
622,25830.2,15931.4,15792
623,25830,15928,15790.5
624,25829.9,15924.6,15788.9
625,25829.7,15921.1,15787.4
626,25829.6,15917.6,15785.9
627,25829.4,15914,15784.4
628,25829.3,15910.3,15782.9
629,25829.1,15906.6,15781.5
630,25829,15902.9,15780
631,25828.8,15899.1,15778.6
632,25828.7,15895.2,15777.1
633,25828.6,15891.3,15775.7
634,25828.4,15887.4,15774.3
635,25828.3,15883.4,15772.9
636,25828.1,15879.4,15771.5
637,25828,15875.3,15770.1
638,25827.8,15871.2,15768.7
639,25827.7,15867.1,15767.4
640,25827.5,15862.9,15766
641,25827.4,15858.7,15764.6
642,25827.2,15854.5,15763.3
643,25827.1,15850.2,15762
644,25827,15846,15760.6
645,25826.8,15841.7,15759.3
646,25826.7,15837.5,15758
647,25826.5,15833.2,15756.7
648,25826.4,15829,15755.4
649,25826.3,15824.7,15754.1
650,25826.1,15820.5,15752.8
651,25826,15816.3,15751.5
652,25825.8,15812.2,15750.2
653,25825.7,15808.1,15748.9
654,25825.5,15804,15747.7
655,25825.4,15800,15746.4
656,25825.3,15796.3,15745.1
657,25825.1,15792.4,15743.9
658,25825,15788.6,15742.6
659,25824.9,15784.8,15741.4
660,25824.7,15781.1,15740.2
661,25824.6,15777.5,15738.9
662,25824.4,15773.9,15737.7
663,25824.3,15770.4,15736.5
664,25824.2,15767,15735.2
665,25824,15763.7,15734.4
666,25823.9,15760.4,15733.2
667,25823.8,15757.2,15732
668,25823.6,15754.1,15730.8
669,25823.5,15751.1,15729.6
670,25823.4,15748.1,15728.4
671,25823.2,15745.2,15727.2
672,25823.1,15742.4,15726
673,25823,15739.6,15724.8
674,25822.8,15736.9,15723.6
675,25822.7,15734.3,15722.4
676,25822.6,15731.7,15721.2
677,25822.4,15729.2,15720.1
678,25822.3,15726.8,15718.9
679,25822.2,15724.4,15717.7
680,25822,15722,15716.6
681,25821.9,15719.8,15715.4
682,25821.8,15717.5,15714.2
683,25821.6,15715.4,15713.1
684,25821.5,15713.2,15711.9
685,25821.4,15711.2,15710.8
686,25821.2,15709.1,15709.6
687,25821.1,15707.2,15708.5
688,25821,15705.2,15707.3
689,25820.9,15703.3,15706.2
690,25820.7,15701.4,15705
691,25820.6,15699.6,15703.9
692,25820.5,15697.8,15702.8
693,25820.3,15696.1,15701.6
694,25820.2,15694.3,15700.5
695,25820.1,15692.6,15699.4
696,25820,15691,15698.3
697,25819.8,15689.3,15697.1
698,25819.7,15687.7,15696
699,25819.6,15686.1,15694.9
700,25819.5,15684.6,15693.8
701,25819.3,15683,15692.7
702,25819.2,15681.5,15691.6
703,25819.1,15680,15690.5
704,25819,15678.5,15689.4
705,25818.8,15677.1,15688.3
706,25818.7,15675.6,15687.2
707,25818.6,15674.2,15686.1
708,25818.5,15672.8,15685
709,25818.3,15671.4,15683.9
710,25818.2,15670,15682.8
711,25818.1,15668.7,15681.7
712,25818,15667.3,15680.6
713,25817.8,15666,15679.5
714,25817.7,15664.7,15678.5
715,25817.6,15663.4,15677.4
716,25817.5,15662.1,15676.3
717,25817.4,15660.8,15675.2
718,25817.2,15659.5,15674.2
719,25817.1,15658.2,15673.1
720,25817,15657,15672
721,25816.9,15655.7,15671
722,25816.8,15654.5,15669.9
723,25816.6,15653.3,15668.8
724,25816.5,15652,15667.8
725,25816.4,15650.8,15666.7
726,25816.3,15649.6,15665.7
727,25816.2,15648.4,15664.6
728,25816,15647.2,15663.6
729,25815.9,15646,15662.5
730,25815.8,15644.9,15661.5
731,25815.7,15643.7,15660.4
732,25815.6,15642.5,15659.4
733,25815.4,15641.3,15658.3
734,25815.3,15640.2,15657.3
735,25815.2,15639,15656.3
736,25815.1,15637.9,15655.2
737,25815,15636.7,15654.2
738,25814.9,15635.6,15653.2
739,25814.7,15634.5,15652.1
740,25814.6,15633.3,15651.1
741,25814.5,15632.2,15650.1
742,25814.4,15631.1,15649.1
743,25814.3,15630,15648
744,25814.2,15628.8,15647
745,25814.1,15627.7,15646
746,25813.9,15626.6,15645
747,25813.8,15625.5,15644
748,25813.7,15624.4,15643
749,25813.6,15623.3,15642
750,25813.5,15622.2,15641
751,25813.4,15621.1,15639.9
752,25813.3,15620,15638.9
753,25813.2,15618.9,15637.9
754,25813,15617.8,15636.9
755,25812.9,15616.7,15635.9
756,25812.8,15615.6,15635
757,25812.7,15614.5,15634
758,25812.6,15613.5,15633
759,25812.5,15612.4,15632
760,25812.4,15611.3,15631
761,25812.3,15610.2,15630
762,25812.1,15609.1,15629
763,25812,15608.1,15628
764,25811.9,15607,15627.1
765,25811.8,15605.9,15626.1
766,25811.7,15604.9,15625.1
767,25811.6,15603.8,15624.1
768,25811.5,15602.7,15623.1
769,25811.4,15601.7,15622.2
770,25811.3,15600.6,15621.2
771,25811.2,15599.6,15620.2
772,25811,15598.5,15619.3
773,25810.9,15597.5,15618.3
774,25810.8,15596.4,15617.3
775,25810.7,15595.4,15616.4
776,25810.6,15594.3,15615.4
777,25810.5,15593.3,15614.5
778,25810.4,15592.2,15613.5
779,25810.3,15591.2,15612.6
780,25810.2,15590.1,15611.6
781,25810.1,15589.1,15610.7
782,25810,15588,15609.7
783,25809.9,15587,15608.8
784,25809.8,15585.9,15607.8
785,25809.7,15584.9,15606.9
786,25809.5,15583.9,15605.9
787,25809.4,15582.8,15605
788,25809.3,15581.8,15604.1
789,25809.2,15580.8,15603.1
790,25809.1,15579.7,15602.2
791,25809,15578.7,15601.3
792,25808.9,15577.7,15600.3
793,25808.8,15576.6,15599.4
794,25808.7,15575.6,15598.5
795,25808.6,15574.6,15597.6
796,25808.5,15573.6,15596.7
797,25808.4,15572.5,15595.7
798,25808.3,15571.5,15594.8
799,25808.2,15570.5,15593.9
800,25808.1,15569.5,15593
801,25808,15568.4,15592.1
802,25807.9,15567.4,15591.2
803,25807.8,15566.4,15590.2
804,25807.7,15565.4,15589.3
805,25807.6,15564.4,15588.4
806,25807.5,15563.4,15587.5
807,25807.4,15562.3,15586.6
808,25807.3,15561.3,15585.7
809,25807.2,15560.3,15584.8
810,25807.1,15559.3,15583.9
811,25807,15558.3,15583
812,25806.9,15557.3,15582.1
813,25806.8,15556.3,15581.2
814,25806.7,15555.3,15580.4
815,25806.6,15554.3,15579.5
816,25806.5,15553.3,15578.6
817,25806.4,15552.3,15577.7
818,25806.3,15551.3,15576.8
819,25806.2,15550.3,15575.9
820,25806.1,15549.2,15575
821,25806,15548.2,15574.2
822,25805.9,15547.3,15573.3
823,25805.8,15546.3,15572.4
824,25805.7,15545.3,15571.5
825,25805.6,15544.3,15570.7
826,25805.5,15543.3,15569.8
827,25805.4,15542.3,15568.9
828,25805.3,15541.3,15568.1
829,25805.2,15540.3,15567.2
830,25805.1,15539.3,15566.3
831,25805,15538.3,15565.5
832,25804.9,15537.3,15564.6
833,25804.8,15536.3,15563.8
834,25804.7,15535.3,15562.9
835,25804.6,15534.4,15562
836,25804.5,15533.4,15561.2
837,25804.4,15532.4,15560.3
838,25804.3,15531.4,15559.5
839,25804.2,15530.4,15558.6
840,25804.1,15529.5,15557.8
841,25804,15528.5,15556.9
842,25803.9,15527.5,15556.1
843,25803.8,15526.5,15555.3
844,25803.7,15525.5,15554.4
845,25803.6,15524.6,15553.6
846,25803.5,15523.6,15552.7
847,25803.5,15522.6,15551.9
848,25803.4,15521.6,15551.1
849,25803.3,15520.7,15550.2
850,25803.2,15519.7,15549.4
851,25803.1,15518.7,15548.6
852,25803,15517.8,15547.7
853,25802.9,15552.8,15546.9
854,25802.8,15551.9,15546.1
855,25802.7,15550.9,15545.3
856,25802.6,15550,15544.4
857,25802.5,15549,15543.6
858,25802.4,15548,15542.8
859,25802.3,15547.1,15542
860,25802.2,15546.1,15541.2
861,25802.1,15545.1,15540.4
862,25802.1,15544.2,15539.5
863,25802,15543.2,15538.7
864,25801.9,15542.3,15537.9
865,25801.8,15541.3,15537.1
866,25801.7,15540.4,15536.3
867,25801.6,15539.4,15535.5
868,25801.5,15538.5,15534.7
869,25801.4,15537.5,15533.9
870,25801.3,15536.6,15533.1
871,25801.2,15535.6,15532.3
872,25801.1,15534.7,15531.5
873,25801.1,15533.7,15530.7
874,25801,15532.8,15529.9
875,25800.9,15531.8,15529.1
876,25800.8,15530.9,15528.3
877,25800.7,15529.9,15527.5
878,25800.6,15529,15526.7
879,25800.5,15528.1,15525.9
880,25800.4,15527.1,15525.2
881,25800.3,15526.2,15524.4
882,25800.2,15525.2,15523.6
883,25800.2,15524.3,15522.8
884,25800.1,15523.4,15522
885,25800,15522.4,15521.2
886,25799.9,15521.5,15520.5
887,25799.8,15520.6,15519.7
888,25799.7,15519.6,15518.9
889,25799.6,15518.7,15518.1
890,25799.5,15517.8,15517.4
891,25799.5,15516.6,15516.6
892,25799.4,15515.6,15515.8
893,25799.3,15514.7,15515.1
894,25799.2,15513.8,15514.3
895,25799.1,15512.8,15513.5
896,25799,15511.9,15512.8
897,25798.9,15511,15512
898,25798.8,15510.1,15511.2
899,25798.8,15509.1,15510.5
900,25798.7,15508.2,15509.7
901,25798.6,15507.3,15509
902,25798.5,15506.4,15508.2
903,25798.4,15505.5,15507.5
904,25798.3,15504.5,15506.7
905,25798.2,15503.6,15506
906,25798.2,15502.7,15505.2
907,25798.1,15501.8,15504.5
908,25798,15500.9,15503.7
909,25797.9,15500,15503
910,25797.8,15499,15502.2
911,25797.7,15498.1,15501.5
912,25797.6,15497.2,15500.7
913,25797.6,15496.3,15500
914,25797.5,15495.4,15499.2
915,25797.4,15494.5,15498.5
916,25797.3,15493.6,15497.8
917,25797.2,15492.7,15497
918,25797.1,15491.8,15496.3
919,25797.1,15490.8,15495.6
920,25797,15489.9,15494.8
921,25796.9,15489,15494.1
922,25796.8,15488.1,15493.4
923,25796.7,15487.2,15492.6
924,25796.6,15486.3,15491.9
925,25796.6,15485.4,15491.2
926,25796.5,15484.5,15490.5
927,25796.4,15483.6,15489.7
928,25796.3,15482.7,15489
929,25796.2,15481.8,15488.3
930,25796.1,15480.9,15487.6
931,25796.1,15480,15486.9
932,25796,15479.1,15486.1
933,25795.9,15478.2,15485.4
934,25795.8,15477.2,15484.7
935,25795.7,15476.3,15484
936,25795.6,15475.4,15483.3
937,25795.6,15474.5,15482.6
938,25795.5,15473.6,15481.9
939,25795.4,15472.7,15481.1
940,25795.3,15471.8,15480.4
941,25795.2,15470.9,15479.7
942,25795.2,15470,15479
943,25795.1,15469.1,15478.3
944,25795,15468.2,15477.6
945,25794.9,15467.2,15476.9
946,25794.8,15466.3,15476.2
947,25794.8,15465.4,15475.5
948,25794.7,15464.5,15474.8
949,25794.6,15463.6,15474.1
950,25794.5,15462.6,15473.4
951,25794.4,15461.7,15472.7
952,25794.4,15460.8,15472
953,25794.3,15459.8,15471.3
954,25794.2,15458.9,15470.6
955,25794.1,15458,15470
956,25794,15457,15469.3
957,25794,15456,15468.6
958,25793.9,15455.1,15467.9
959,25793.8,15454.1,15467.2
960,25793.7,15453.1,15466.5
961,25793.7,15452.1,15465.8
962,25793.6,15451.1,15465.1
963,25793.5,15449.8,15464.5
964,25793.4,15448.7,15463.8
965,25793.3,15447.6,15463.1
966,25793.3,15446.4,15462.4
967,25793.2,15445.2,15461.7
968,25793.1,15443.9,15461.1
969,25793,15442.5,15460.4
970,25793,15441,15459.7
971,25792.9,15439,15459
972,25792.8,15436.7,15458.4
973,25792.7,15432.8,15457.7
974,25792.6,15428.2,15457
975,25792.6,15421.1,15456.4
976,25792.5,15411.1,15455.7
977,25792.4,15403.8,15455
978,25792.3,15402.6,15454.4
979,25792.3,15405.7,15453.7
980,25792.2,15409.1,15453
981,25792.1,15412.5,15452.4
982,25792,15413.7,15451.7
983,25792,15412.6,15451
984,25791.9,15407.9,15450.4
985,25791.8,15397.1,15449.7
986,25791.7,15382.4,15449.1
987,25791.7,15368.8,15448.4
988,25791.6,15358.5,15447.7
989,25791.5,15422.3,15447.1
990,25791.4,15415.6,15446.4
991,25791.4,15411.1,15445.7
992,25791.3,15411.3,15445.1
993,25791.2,15413.8,15444.4
994,25791.1,15413.4,15443.8
995,25791.1,15414.2,15443.1
996,25791,15414.8,15442.5
997,25790.9,15415.1,15441.8
998,25790.8,15414.4,15441.2
999,25790.8,15414,15440.6
1000,25790.7,15412.5,15440
1001,25790.6,15411.7,15439.3
1002,25790.5,15409.1,15438.7
1003,25790.5,15408.3,15438.1
1004,25790.4,15404.2,15437.5
1005,25790.3,15405.2,15436.9
1006,25790.2,15396.1,15436.3
1007,25790.2,15408.9,15435.6
1008,25790.1,15377,15435
1009,25790,15356.5,15434.3
1010,25790,15379.5,15433.5
1011,25789.9,15367.9,15432.8
1012,25789.8,15357.8,15432
1013,25789.7,15406,15431.2
1014,25789.7,15385.2,15430.4
1015,25789.6,15340.9,15429.7
1016,25789.5,15452.6,15429
1017,25789.5,15409,15428.4
1018,25789.4,15479.5,15427.9
1019,25789.3,15393.5,15427.4
1020,25789.2,15301.9,15426.9
1021,25789.2,15339,15426.5
1022,25789.1,15349.6,15426.1
1023,25789,15353,15425.5
1024,25789,15354.7,15424.7
1025,25788.9,15355.9,15423.6
1026,25788.8,15356.6,15422.2
1027,25788.7,15357,15420.7
1028,25788.7,15356.9,15419.2
1029,25788.6,15356,15419.5
1030,25788.5,15351.7,15474.8
1031,25788.5,15308.7,15456.2
1032,25788.4,15384.9,15472.5
1033,25788.3,15370.2,15465.3
1034,25788.2,15389.1,15474
1035,25788.2,15343.1,15479.9
1036,25788.1,15273.1,15474.4
1037,25788,15258,15491.8
1038,25788,15272,15488.3
1039,25787.9,15251.7,15496.5
1040,25787.8,15300.9,15493.7
1041,25787.8,15256.3,15488.5
1042,25787.7,15258.3,15467.6
1043,25787.6,15251.4,15526.8
1044,25787.5,15269.9,15492.6
1045,25787.5,15249.6,15446.7
1046,25787.4,15277.6,15524.2
1047,25787.3,15256.6,15447.3
1048,25787.3,15247.9,15430
1049,25787.2,15267,15502.8
1050,25787.1,15247,15433.5
1051,25787.1,15268.2,15415.8
1052,25787,15245.1,15476
1053,25786.9,15271,15418.1
1054,25786.9,15243.9,15400
1055,25786.8,15267.1,15444.5
1056,25786.7,15243.1,15422
1057,25786.7,15262.7,15382.1
1058,25786.6,15241.4,15411.5
1059,25786.5,15263.7,15423.6
1060,25786.5,15240.5,15417.4
1061,25786.4,15260.1,15387
1062,25786.3,15238.6,15413.1
1063,25786.3,15261.6,15392.8
1064,25786.2,15238,15374.7
1065,25786.1,15256.6,15384.6
1066,25786.1,15235.9,15384.8
1067,25786,15259,15383.7
1068,25785.9,15235.5,15380.8
1069,25785.8,15253.3,15378.1
1070,25785.8,15233.3,15376.7
1071,25785.7,15255.6,15376.7
1072,25785.7,15232.7,15377.2
1073,25785.6,15251.2,15377
1074,25785.5,15230.9,15374.5
1075,25785.5,15251.9,15369.3
1076,25785.4,15229.9,15366.8
1077,25785.3,15249.2,15418
1078,25785.3,15228.4,15367.9
1079,25785.2,15248.4,15415.8
1080,25785.1,15227.2,15393.1
1081,25785.1,15246.8,15416
1082,25785,15225.8,15392.7
1083,25784.9,15245.5,15406.7
1084,25784.9,15224.5,15420.9
1085,25784.8,15244.1,15438.8
1086,25784.7,15223.2,15415.3
1087,25784.7,15242.8,15442.8
1088,25784.6,15221.9,15442
1089,25784.5,15241.5,15451.2
1090,25784.5,15220.6,15456.7
1091,25784.4,15240.2,15463.9
1092,25784.3,15219.3,15463.5
1093,25784.3,15238.8,15467.5
1094,25784.2,15217.9,15463.7
1095,25784.1,15237.5,15453
1096,25784.1,15216.6,15480.4
1097,25784,15236.2,15441.6
1098,25784,15215.3,15499.5
1099,25783.9,15234.9,15413.8
1100,25783.8,15214,15458.8
1101,25783.8,15233.6,15397.5
1102,25783.7,15212.8,15467
1103,25783.6,15232.3,15395.8
1104,25783.6,15211.5,15427.8
1105,25783.5,15231,15371
1106,25783.4,15210.2,15413.7
1107,25783.4,15229.7,15405
1108,25783.3,15208.9,15363.4
1109,25783.3,15228.4,15394.4
1110,25783.2,15207.6,15389.6
1111,25783.1,15227.1,15371.5
1112,25783.1,15206.3,15370.4
1113,25783,15225.8,15366.9
1114,25782.9,15205.1,15365.3
1115,25782.9,15224.6,15356.1
1116,25782.8,15203.8,15357.8
1117,25782.8,15223.3,15349.2
1118,25782.7,15202.6,15347.7
1119,25782.6,15222,15347.5
1120,25782.6,15201.3,15349.3
1121,25782.5,15220.7,15349.3
1122,25782.4,15200,15344.3
1123,25782.4,15219.5,15340.3
1124,25782.3,15198.8,15348.6
1125,25782.3,15218.2,15361.5
1126,25782.2,15197.5,15327.7
1127,25782.1,15216.9,15359
1128,25782.1,15196.3,15382.5
1129,25782,15215.7,15361.4
1130,25781.9,15195,15372.8
1131,25781.9,15214.4,15378.4
1132,25781.8,15193.8,15402.6
1133,25781.8,15213.2,15407.4
1134,25781.7,15192.6,15398.1
1135,25781.6,15211.9,15393.4
1136,25781.6,15191.3,15417.9
1137,25781.5,15210.7,15427.5
1138,25781.5,15190.1,15400.5
1139,25781.4,15209.4,15398.9
1140,25781.3,15188.9,15395.3
1141,25781.3,15208.2,15396.9
1142,25781.2,15187.7,15417.7
1143,25781.2,15207,15390.8
1144,25781.1,15186.4,15375.9
1145,25781,15205.7,15384.2
1146,25781,15185.2,15369.7
1147,25780.9,15204.5,15363.6
1148,25780.9,15184,15362.7
1149,25780.8,15203.3,15357.9
1150,25780.7,15182.8,15354.3
1151,25780.7,15202,15351.1
1152,25780.6,15181.6,15348.4
1153,25780.6,15200.8,15346
1154,25780.5,15180.4,15343.9
1155,25780.4,15199.6,15342.1
1156,25780.4,15179.2,15340.4
1157,25780.3,15198.4,15338.9
1158,25780.3,15178,15337
1159,25780.2,15197.2,15333.3
1160,25780.1,15176.8,15328.4
1161,25780.1,15196,15339.7
1162,25780,15175.6,15347.4
1163,25780,15194.8,15334.1
1164,25779.9,15174.4,15351.1
1165,25779.8,15193.6,15350.4
1166,25779.8,15173.2,15354.6
1167,25779.7,15192.4,15373
1168,25779.7,15172,15375.1
1169,25779.6,15191.2,15370.1
1170,25779.6,15170.8,15399.7
1171,25779.5,15190,15398.5
1172,25779.4,15169.6,15406.4
1173,25779.4,15188.8,15391.6
1174,25779.3,15168.4,15415.3
1175,25779.3,15187.7,15412.1
1176,25779.2,15167.3,15418.2
1177,25779.1,15186.5,15414.5
1178,25779.1,15166.1,15407
1179,25779,15185.3,15382.2
1180,25779,15164.9,15451
1181,25778.9,15184.1,15411.3
1182,25778.9,15163.7,15381.9
1183,25778.8,15183,15432.9
1184,25778.7,15162.6,15363.5
1185,25778.7,15181.8,15357.9
1186,25778.6,15161.4,15342.6
1187,25778.6,15180.6,15409.3
1188,25778.5,15160.3,15347.1
1189,25778.5,15179.5,15345.9
1190,25778.4,15159.1,15379.6
1191,25778.3,15178.3,15341.8
1192,25778.3,15157.9,15307.6
1193,25778.2,15177.2,15341.1
1194,25778.2,15156.8,15343.8
1195,25778.1,15176,15340.8
1196,25778.1,15155.6,15322.3
1197,25778,15174.9,15311.6
1198,25778,15154.5,15319.3
1199,25777.9,15173.7,15315.1
1200,25777.8,15153.3,15309.5
1201,25777.8,15172.6,15304.8
1202,25777.7,15152.2,15300.9
1203,25777.7,15171.4,15298.4
1204,25777.6,15151.1,15297.9
1205,25777.6,15170.3,15298.9
1206,25777.5,15149.9,15299
1207,25777.5,15169.2,15296.2
1208,25777.4,15148.8,15291.3
1209,25777.3,15168,15290.7
1210,25777.3,15147.7,15337.5
1211,25777.2,15166.9,15278
1212,25777.2,15146.5,15326
1213,25777.1,15165.8,15295.6
1214,25777.1,15145.4,15319.1
1215,25777,15164.6,15328.9
1216,25777,15144.3,15330.4
1217,25776.9,15163.5,15325.3
1218,25776.8,15143.1,15329.3
1219,25776.8,15162.4,15341.5
1220,25776.7,15142,15346
1221,25776.7,15161.3,15335.8
1222,25776.6,15140.9,15364.9
1223,25776.6,15160.2,15375.7
1224,25776.5,15139.8,15361.8
1225,25776.5,15159,15377.6
1226,25776.4,15138.7,15387.4
1227,25776.4,15157.9,15382.3
1228,25776.3,15137.6,15393.2
1229,25776.2,15156.8,15387.3
1230,25776.2,15136.5,15384.7
1231,25776.1,15155.7,15366.7
1232,25776.1,15135.4,15382.6
1233,25776,15154.6,15426.1
1234,25776,15134.3,15354.1
1235,25775.9,15153.5,15371.9
1236,25775.9,15133.2,15363
1237,25775.8,15152.4,15339.8
1238,25775.8,15132.1,15322.7
1239,25775.7,15151.3,15381.2
1240,25775.7,15131,15319.5
1241,25775.6,15150.2,15291.1
1242,25775.5,15129.9,15320.7
1243,25775.5,15149.1,15327.3
1244,25775.4,15128.8,15333
1245,25775.4,15148.1,15302.9
1246,25775.3,15127.7,15276.3
1247,25775.3,15147,15295.6
1248,25775.2,15126.6,15298.2
1249,25775.2,15145.9,15295.5
1250,25775.1,15125.5,15288.1
1251,25775.1,15144.8,15282
1252,25775,15124.4,15276.8
1253,25775,15143.7,15273.7
1254,25774.9,15123.4,15272.9
1255,25774.9,15142.6,15273.7
1256,25774.8,15122.3,15273.4
1257,25774.8,15141.6,15268.6
1258,25774.7,15121.2,15266
1259,25774.7,15140.5,15312.8
1260,25774.6,15120.1,15256
1261,25774.5,15139.4,15290.5
1262,25774.5,15119.1,15271.7
1263,25774.4,15138.4,15274.4
1264,25774.4,15118,15308.6
1265,25774.3,15137.3,15313.3
1266,25774.3,15116.9,15305.2
1267,25774.2,15136.2,15308.6
1268,25774.2,15115.9,15327.4
1269,25774.1,15135.2,15324.3
1270,25774.1,15114.8,15320.8
1271,25774,15134.1,15319.5
1272,25774,15113.8,15312.8
1273,25773.9,15133.1,15300.8
1274,25773.9,15112.7,15309.3
1275,25773.8,15132,15312.4
1276,25773.8,15111.7,15314.6
1277,25773.7,15131,15328.4
1278,25773.7,15110.6,15314.1
1279,25773.6,15129.9,15308
1280,25773.6,15109.6,15298.4
1281,25773.5,15128.9,15292.1
1282,25773.5,15108.5,15288.6
1283,25773.4,15127.8,15284.9
1284,25773.4,15107.5,15281.7
1285,25773.3,15126.8,15278.8
1286,25773.3,15106.4,15276.4
1287,25773.2,15125.7,15274.3
1288,25773.2,15105.4,15272.4
1289,25773.1,15124.7,15270.8
1290,25773.1,15104.4,15269.1
1291,25773,15123.7,15265.9
1292,25773,15103.3,15260.4
1293,25772.9,15122.6,15278
1294,25772.9,15102.3,15286.5
1295,25772.8,15121.6,15265
1296,25772.8,15101.3,15281.8
1297,25772.7,15120.6,15282.4
1298,25772.7,15100.2,15285.2
1299,25772.6,15119.5,15301.7
1300,25772.6,15099.2,15308.1
1301,25772.5,15118.5,15293.3
1302,25772.5,15098.2,15328.9
1303,25772.4,15117.5,15309.5
1304,25772.4,15097.2,15334.9
1305,25772.3,15116.5,15319.9
1306,25772.3,15096.1,15344.7
1307,25772.2,15115.5,15338.5
1308,25772.2,15095.1,15350.1
1309,25772.1,15114.4,15345
1310,25772.1,15094.1,15343.1
1311,25772,15113.4,15327.7
1312,25772,15093.1,15340.6
1313,25771.9,15112.4,15390.4
1314,25771.9,15092.1,15324
1315,25771.8,15111.4,15344.7
1316,25771.8,15091.1,15362.9
1317,25771.7,15110.4,15304.1
1318,25771.7,15090.1,15310.8
1319,25771.6,15109.4,15328.9
1320,25771.6,15089.1,15290.1
1321,25771.5,15108.4,15252.2
1322,25771.5,15088.1,15311.7
1323,25771.4,15107.4,15291.4
1324,25771.4,15087.1,15242.9
1325,25771.3,15106.4,15288.1
1326,25771.3,15086.1,15277.5
1327,25771.2,15105.4,15254.2
1328,25771.2,15085.1,15273.8
1329,25771.2,15104.4,15258.4
1330,25771.1,15084.1,15244.3
1331,25771.1,15103.4,15248.6
1332,25771,15083.1,15244.9
1333,25771,15102.4,15239.3
1334,25770.9,15082.1,15235.2
1335,25770.9,15101.4,15232.2
1336,25770.8,15081.1,15231.9
1337,25770.8,15100.4,15233.1
1338,25770.7,15080.1,15232.3
1339,25770.7,15099.4,15226.7
1340,25770.6,15079.2,15225
1341,25770.6,15098.5,15275.1
1342,25770.5,15078.2,15211.2
1343,25770.5,15097.5,15222.3
1344,25770.4,15077.2,15268.7
1345,25770.4,15096.5,15232.9
1346,25770.3,15076.2,15267.3
1347,25770.3,15095.5,15256.4
1348,25770.3,15075.2,15265.3
1349,25770.2,15094.6,15266.2
1350,25770.2,15074.3,15283.3
1351,25770.1,15093.6,15284.7
1352,25770.1,15073.3,15275.8
1353,25770,15092.6,15272.5
1354,25770,15072.3,15300.8
1355,25769.9,15091.6,15277.5
1356,25769.9,15071.4,15259
1357,25769.8,15090.7,15271.1
1358,25769.8,15070.4,15271
1359,25769.7,15089.7,15273.5
1360,25769.7,15069.4,15267.5
1361,25769.6,15088.7,15262.4
1362,25769.6,15068.5,15257.1
1363,25769.6,15087.8,15252.4
1364,25769.5,15067.5,15248.6
1365,25769.5,15086.8,15245.4
1366,25769.4,15066.6,15242.7
1367,25769.4,15085.9,15240.4
1368,25769.3,15065.6,15238.4
1369,25769.3,15084.9,15236.6
1370,25769.2,15064.7,15234.6
1371,25769.2,15084,15230.8
1372,25769.1,15063.7,15227
1373,25769.1,15083,15279.2
1374,25769,15062.8,15243.8
1375,25769,15082.1,15249.7
1376,25769,15061.8,15245.1
1377,25768.9,15081.1,15268.1
1378,25768.9,15060.9,15269.1
1379,25768.8,15080.2,15250
1380,25768.8,15059.9,15287.4
1381,25768.7,15079.2,15293.2
1382,25768.7,15059,15291.4
1383,25768.6,15078.3,15302.8
1384,25768.6,15058,15285.5
1385,25768.6,15077.3,15310.1
1386,25768.5,15057.1,15310.7
1387,25768.5,15076.4,15310.1
1388,25768.4,15056.2,15305.4
1389,25768.4,15075.5,15287
1390,25768.3,15055.2,15331.8
1391,25768.3,15074.5,15338.8
1392,25768.2,15054.3,15275.2
1393,25768.2,15073.6,15317.3
1394,25768.1,15053.4,15264.2
1395,25768.1,15072.7,15259.9
1396,25768.1,15052.5,15287.8
1397,25768,15071.8,15298.2
1398,25768,15051.5,15242.9
1399,25767.9,15070.8,15300.8
1400,25767.9,15050.6,15239.1
1401,25767.8,15069.9,15212.8
1402,25767.8,15049.7,15267
1403,25767.7,15069,15247.7
1404,25767.7,15048.8,15204.2
1405,25767.7,15068.1,15242.7
1406,25767.6,15047.8,15236.1
1407,25767.6,15067.1,15225.6
1408,25767.5,15046.9,15225.5
1409,25767.5,15066.2,15212.1
1410,25767.4,15046,15214.4
1411,25767.4,15065.3,15206.8
1412,25767.4,15045.1,15203.8
1413,25767.3,15064.4,15198.5
1414,25767.3,15044.2,15196.6
1415,25767.2,15063.5,15196.9
1416,25767.2,15043.3,15198.3
1417,25767.1,15062.6,15197.4
1418,25767.1,15042.4,15191.7
1419,25767,15061.7,15189.3
1420,25767,15041.5,15240.5
1421,25767,15060.8,15177.2
1422,25766.9,15040.6,15240.4
1423,25766.9,15059.9,15190.7
1424,25766.8,15039.7,15218.2
1425,25766.8,15059,15227.3
1426,25766.7,15038.8,15228.8
1427,25766.7,15058.1,15225.1
1428,25766.7,15037.9,15227.5
1429,25766.6,15057.2,15243.1
1430,25766.6,15037,15240.1
1431,25766.5,15056.3,15239.2
1432,25766.5,15036.1,15235.7
1433,25766.4,15055.4,15245.5
1434,25766.4,15035.2,15278.5
1435,25766.4,15054.5,15275
1436,25766.3,15034.3,15247.4
1437,25766.3,15053.6,15275.9
1438,25766.2,15033.4,15283.8
1439,25766.2,15052.7,15268.2
1440,25766.1,15032.5,15291
1441,25766.1,15051.8,15289.8
1442,25766.1,15031.6,15293
1443,25766,15050.9,15289
1444,25766,15030.7,15277.6
1445,25765.9,15050,15322.7
1446,25765.9,15029.9,15268.3
1447,25765.9,15049.1,15290.4
1448,25765.8,15029,15241.3
1449,25765.8,15048.3,15273.9
1450,25765.7,15028.1,15252
1451,25765.7,15047.4,15219.9
1452,25765.6,15027.2,15283.3
1453,25765.6,15046.5,15231.4
1454,25765.6,15026.4,15220.6
1455,25765.5,15045.6,15259.9
1456,25765.5,15025.5,15214.6
1457,25765.4,15044.8,15232.6
1458,25765.4,15024.6,15210.3
1459,25765.3,15043.9,15183.8
1460,25765.3,15023.7,15203.1
1461,25765.3,15043,15206.5
1462,25765.2,15022.9,15198.6
1463,25765.2,15042.1,15192.5
1464,25765.1,15022,15185.6
1465,25765.1,15041.3,15181.7
1466,25765.1,15021.1,15179.1
1467,25765,15040.4,15178.5
1468,25765,15020.3,15178.9
1469,25764.9,15039.5,15177.8
1470,25764.9,15019.4,15172.6
1471,25764.9,15038.7,15171.4
1472,25764.8,15018.6,15217.7
1473,25764.8,15037.8,15155.3
1474,25764.7,15017.7,15180
1475,25764.7,15037,15218.1
1476,25764.6,15016.8,15195.8
1477,25764.6,15036.1,15214.4
1478,25764.6,15016,15194.4
1479,25764.5,15035.2,15202.6
1480,25764.5,15015.1,15206.3
1481,25764.4,15034.4,15224.9
1482,25764.4,15014.3,15221.9
1483,25764.4,15033.5,15213.5
1484,25764.3,15013.4,15213.7
1485,25764.3,15032.7,15226.7
1486,25764.2,15012.6,15242.9
1487,25764.2,15031.8,15223.7
1488,25764.2,15011.7,15239.1
1489,25764.1,15031,15229.1
1490,25764.1,15010.9,15236.6
1491,25764,15030.1,15233.4
1492,25764,15010,15226.9
1493,25764,15029.3,15230.5
1494,25763.9,15009.2,15252.8
1495,25763.9,15028.5,15260.4
1496,25763.8,15008.4,15265
1497,25763.8,15027.6,15263.7
1498,25763.8,15007.5,15274.6
1499,25763.7,15026.8,15261.3
1500,25763.7,15006.7,15273.1
1501,25763.6,15025.9,15267.7
1502,25763.6,15005.8,15249.5
1503,25763.6,15025.1,15268.6
1504,25763.5,15005,15310.7
1505,25763.5,15024.3,15231.2
1506,25763.4,15004.2,15269.4
1507,25763.4,15023.4,15236.7
1508,25763.4,15003.3,15285.4
1509,25763.3,15022.6,15220.1
1510,25763.3,15002.5,15233.4
1511,25763.2,15021.8,15218.5
1512,25763.2,15001.7,15202.5
1513,25763.2,15020.9,15251
1514,25763.1,15000.9,15185.1
1515,25763.1,15020.1,15174.5
1516,25763,15000,15214.2
1517,25763,15019.3,15194.5
1518,25763,14999.2,15157.3
1519,25762.9,15018.5,15180.3
1520,25762.9,14998.4,15183.9
1521,25762.9,15017.6,15170.9
1522,25762.8,14997.6,15165.6
1523,25762.8,15016.8,15158.5
1524,25762.7,14996.8,15155.6
1525,25762.7,15016,15152.3
1526,25762.7,14995.9,15152
1527,25762.6,15015.2,15152.8
1528,25762.6,14995.1,15150.7
1529,25762.5,15014.4,15145.8
1530,25762.5,14994.3,15161.3
1531,25762.5,15013.5,15176.1
1532,25762.4,14993.5,15131.3
1533,25762.4,15012.7,15165.8
1534,25762.3,14992.7,15191.3
1535,25762.3,15011.9,15198.8
1536,25762.3,14991.9,15161.2
1537,25762.2,15011.1,15205.8
1538,25762.2,14991.1,15174.9
1539,25762.2,15010.3,15208.1
1540,25762.1,14990.3,15203
1541,25762.1,15009.5,15191
1542,25762,14989.5,15192.7
1543,25762,15008.7,15189.3
1544,25762,14988.7,15218.8
1545,25761.9,15007.9,15198.1
1546,25761.9,14987.8,15232.7
1547,25761.8,15007.1,15217.4
1548,25761.8,14987,15228
1549,25761.8,15006.3,15187.1
1550,25761.7,14986.2,15232.5
1551,25761.7,15005.5,15194.1
1552,25761.7,14985.5,15221
1553,25761.6,15004.7,15236.6
1554,25761.6,14984.7,15230.6
1555,25761.5,15003.9,15242.4
1556,25761.5,14983.9,15238.3
1557,25761.5,15003.1,15236.3
1558,25761.4,14983.1,15220.1
1559,25761.4,15002.3,15222.5
1560,25761.4,14982.3,15282.7
1561,25761.3,15001.5,15214.1
1562,25761.3,14981.5,15236.3
1563,25761.2,15000.7,15206
1564,25761.2,14980.7,15194
1565,25761.2,14999.9,15221.5
1566,25761.1,14979.9,15178.4
1567,25761.1,14999.1,15150
1568,25761.1,14979.1,15195.1
1569,25761,14998.3,15177.4
1570,25761,14978.3,15158.3
1571,25760.9,14997.6,15172
1572,25760.9,14977.6,15158.2
1573,25760.9,14996.8,15150.8
1574,25760.8,14976.8,15148.2
1575,25760.8,14996,15144
1576,25760.8,14976,15140.4
1577,25760.7,14995.2,15137.9
1578,25760.7,14975.2,15136.5
1579,25760.7,14994.4,15135.4
1580,25760.6,14974.4,15134.2
1581,25760.6,14993.6,15130.8
1582,25760.5,14973.7,15127.2
1583,25760.5,14992.9,15166.5
1584,25760.5,14972.9,15135.8
1585,25760.4,14992.1,15169.7
1586,25760.4,14972.1,15150
1587,25760.4,14991.3,15180.7
1588,25760.3,14971.3,15137.9
1589,25760.3,14990.5,15157.3
1590,25760.2,14970.6,15165.4
1591,25760.2,14989.8,15188.9
1592,25760.2,14969.8,15176.4
1593,25760.1,14989,15171.2
1594,25760.1,14969,15174.3
1595,25760.1,14988.2,15201.5
1596,25760,14968.3,15187.9
1597,25760,14987.5,15207.4
1598,25760,14967.5,15193.7
1599,25759.9,14986.7,15208.6
1600,25759.9,14966.7,15224.7
1601,25759.9,14985.9,15227.7
1602,25759.8,14966,15225.2
1603,25759.8,14985.2,15228.8
1604,25759.7,14965.2,15223.1
1605,25759.7,14984.4,15206.9
1606,25759.7,14964.5,15212.2
1607,25759.6,14983.7,15268.3
1608,25759.6,14963.7,15194.2
1609,25759.6,14982.9,15218.8
1610,25759.5,14962.9,15190.5
1611,25759.5,14982.1,15179.1
1612,25759.5,14962.2,15229.6
1613,25759.4,14981.4,15159.2
1614,25759.4,14961.4,15176.3
1615,25759.3,14980.6,15140.8
1616,25759.3,14960.7,15187.6
1617,25759.3,14979.9,15146.9
1618,25759.2,14959.9,15117.8
1619,25759.2,14979.1,15147.4
1620,25759.2,14959.2,15147.1
1621,25759.1,14978.4,15148.4
1622,25759.1,14958.4,15132.5
1623,25759.1,14977.6,15124.3
1624,25759,14957.7,15122.6
1625,25759,14976.9,15119.2
1626,25759,14956.9,15115.6
1627,25758.9,14976.1,15113.5
1628,25758.9,14956.2,15113
1629,25758.9,14975.4,15113
1630,25758.8,14955.4,15111.5
1631,25758.8,14974.6,15106.4
1632,25758.7,14954.7,15108.1
1633,25758.7,14973.9,15136.3
1634,25758.7,14954,15087.5
1635,25758.6,14973.2,15123.2
1636,25758.6,14953.2,15150.7
1637,25758.6,14972.4,15151.4
1638,25758.5,14952.5,15118.7
1639,25758.5,14971.7,15139.1
1640,25758.5,14951.7,15146.1
1641,25758.4,14970.9,15165.3
1642,25758.4,14951,15148.9
1643,25758.4,14970.2,15167.5
1644,25758.3,14950.3,15181
1645,25758.3,14969.5,15155.1
1646,25758.3,14949.5,15187.9
1647,25758.2,14968.7,15179.2
1648,25758.2,14948.8,15199.3
1649,25758.2,14968,15172
1650,25758.1,14948.1,15171.6
1651,25758.1,14967.3,15169.6
1652,25758.1,14947.3,15191.5
1653,25758,14966.5,15201
1654,25758,14946.6,15163.9
1655,25758,14965.8,15134.1
1656,25757.9,14945.9,15190.9
1657,25757.9,14965.1,15146.6
1658,25757.9,14945.2,15125.3
1659,25757.8,14964.3,15150.8
1660,25757.8,14944.4,15134.9
1661,25757.7,14963.6,15124.9
1662,25757.7,14943.7,15126.7
1663,25757.7,14962.9,15121.6
1664,25757.6,14943,15117.9
1665,25757.6,14962.2,15114.9
1666,25757.6,14942.3,15112.3
1667,25757.5,14961.5,15110.2
1668,25757.5,14941.6,15108.4
1669,25757.5,14960.7,15106.9
1670,25757.4,14940.8,15105.4
1671,25757.4,14960,15103.1
1672,25757.4,14940.1,15098.2
1673,25757.3,14959.3,15099.4
1674,25757.3,14939.4,15130.2
1675,25757.3,14958.6,15085.4
1676,25757.2,14938.7,15099.2
1677,25757.2,14957.9,15141.8
1678,25757.2,14938,15119.2
1679,25757.1,14957.2,15136.7
1680,25757.1,14937.3,15135
1681,25757.1,14956.4,15133.1
1682,25757,14936.6,15150.4
1683,25757,14955.7,15165.5
1684,25757,14935.8,15140
1685,25756.9,14955,15171.1
1686,25756.9,14935.1,15174.4
1687,25756.9,14954.3,15151.8
1688,25756.8,14934.4,15176.5
1689,25756.8,14953.6,15189.2
1690,25756.8,14933.7,15186.6
1691,25756.7,14952.9,15190.3
1692,25756.7,14933,15186.1
1693,25756.7,14952.2,15174.1
1694,25756.6,14932.3,15198.7
1695,25756.6,14951.5,15222.6
1696,25756.6,14931.6,15193.2
1697,25756.5,14950.8,15142.3
1698,25756.5,14930.9,15212.4
1699,25756.5,14950.1,15138.8
1700,25756.4,14930.2,15127.7
1701,25756.4,14949.4,15131.9
1702,25756.4,14929.5,15146.8
1703,25756.3,14948.7,15146.9
1704,25756.3,14928.8,15133
1705,25756.3,14948,15187.3
1706,25756.2,14928.1,15138.6
1707,25756.2,14947.3,15098.8
1708,25756.2,14927.4,15134.2
1709,25756.1,14946.6,15128.7
1710,25756.1,14926.8,15133.1
1711,25756.1,14945.9,15112.1
1712,25756.1,14926.1,15095.2
1713,25756,14945.3,15105.4
1714,25756,14925.4,15100.3
1715,25756,14944.6,15093.1
1716,25755.9,14924.7,15082.2
1717,25755.9,14943.8,15072.7
1718,25755.9,14923.9,15066.4
1719,25755.8,14943.1,15063
1720,25755.8,14923.1,15058.7
1721,25755.8,14942.3,15049.6
1722,25755.7,14922.3,15038.8
1723,25755.7,14941.4,15055.6
1724,25755.7,14921.6,15138.1
1725,25755.6,14940.7,15077.9
1726,25755.6,14920.9,15107.5
1727,25755.6,14940.1,15135.8
1728,25755.5,14920.4,15101.5
1729,25755.5,14939.7,15097.9
1730,25755.5,14920,15146.1
1731,25755.4,14939.4,15093.8
1732,25755.4,14919.8,15125.6
1733,25755.4,14939.2,15152
1734,25755.3,14919.6,15091.7
1735,25755.3,14939.1,15157.4
1736,25755.3,14919.5,15132.1
1737,25755.2,14939,15127.5
1738,25755.2,14919.3,15138.2
1739,25755.2,14938.2,15164.3
1740,25755.2,14917.6,15094.1
1741,25755.1,14935.8,15161.9
1742,25755.1,14915.2,15088.1
1743,25755.1,14933.7,15133.4
1744,25755,14913.4,15105.8
1745,25755,14932.1,15094.7
1746,25755,14912,15103.1
1747,25754.9,14930.9,15078.3
1748,25754.9,14910.9,15065.6
1749,25754.9,14930.2,15124.5
1750,25754.8,14910.7,15110.8
1751,25754.8,14930.1,15077
1752,25754.8,14909.2,15106.5
1753,25754.7,14922.9,15077.1
1754,25754.7,14901.2,15049.3
1755,25754.7,14971.8,15050.5
1756,25754.7,14945.1,15052.9
1757,25754.6,14965.5,15053.6
1758,25754.6,14955,15050.1
1759,25754.6,14967.7,15089.9
1760,25754.5,14961.2,15098.2
1761,25754.5,14973,15121.3
1762,25754.5,14975.3,15162.7
1763,25754.4,14991.7,15099
1764,25754.4,14981.3,15098.9
1765,25754.4,14998.6,15016.5
1766,25754.3,14978,15050.5
1767,25754.3,14991.1,15088.7
1768,25754.3,14956.6,15093.7
1769,25754.2,15033.2,15088.1
1770,25754.2,15023.6,15100.9
1771,25754.2,14965,15120.4
1772,25754.2,14937.7,15126.6
1773,25754.1,14954.5,15146
1774,25754.1,14943.9,15129.8
1775,25754.1,14936.9,15108.4
1776,25754,14959,15118.7
1777,25754,14928.9,15182.4
1778,25754,14942.3,15196.4
1779,25753.9,14918.3,15203.3
1780,25753.9,14952.8,15122.9
1781,25753.9,14912.8,15113.6
1782,25753.8,14939,15214
1783,25753.8,14903.9,15117.1
1784,25753.8,14918.6,15086.9
1785,25753.8,14897.8,15170.1
1786,25753.7,14910.3,15100.4
1787,25753.7,14889.9,15091.3
1788,25753.7,14900.2,15150.4
1789,25753.6,14903.1,15094.4
1790,25753.6,14889,15091.1
1791,25753.6,14905.1,15145.5
1792,25753.5,14871.5,15120.6
1793,25753.5,14902.6,15064.6
1794,25753.5,14875.8,15020.2
1795,25753.5,14891.7,15038.3
1796,25753.4,14869.7,15122.6
1797,25753.4,14886.1,15149.3
1798,25753.4,14863.7,15070.6
1799,25753.3,14882.1,15057.4
1800,25753.3,14883,15011.6
1801,25753.3,14916.4,14982.8
1802,25753.2,14849.3,14971.9
1803,25753.2,14903.8,14967.5
1804,25753.2,14897.2,14966.2
1805,25753.2,14910.3,14966
1806,25753.1,14922.4,14967.8
1807,25753.1,14929.2,14964.7
1808,25753.1,14888.4,14962.3
1809,25753,14923,14956.1
1810,25753,14921.4,15015.8
1811,25753,14959.9,14943.3
1812,25752.9,14921.1,14965.7
1813,25752.9,14964.1,14993.9
1814,25752.9,14945.1,14979.5
1815,25752.9,14950,15000.4
1816,25752.8,14957.8,15005.7
1817,25752.8,14982.7,14997.2
1818,25752.8,14961.1,15013.3
1819,25752.7,14985.1,15020.8
1820,25752.7,14961.9,15031.1
1821,25752.7,14975.1,15009.7
1822,25752.6,14941.8,15022.4
1823,25752.6,15002.5,15026
1824,25752.6,14981.2,15054.4
1825,25752.6,14946.2,15056.9
1826,25752.5,14934,15046.5
1827,25752.5,14972.1,15024.1
1828,25752.5,14920.1,15049
1829,25752.4,14947.6,15040.1
1830,25752.4,14910.8,15043.7
1831,25752.4,14956.6,15041.2
1832,25752.4,14887.3,15057.1
1833,25752.3,14918.3,15054.5
1834,25752.3,14899.7,15059.5
1835,25752.3,14894.5,15062.1
1836,25752.2,14912.5,15082.2
1837,25752.2,14888.9,15060.8
1838,25752.2,14877.1,15073
1839,25752.1,14906.1,15029.7
1840,25752.1,14860.4,15113.2
1841,25752.1,14896.3,15055.3
1842,25752.1,14868.2,15060.4
1843,25752,14884.7,15054.3
1844,25752,14865.4,15019.8
1845,25752,14891.8,15045.1
1846,25751.9,14873.4,15010.1
1847,25751.9,14852.7,15023.6
1848,25751.9,14871.2,14997.5
1849,25751.9,14862.4,15011.2
1850,25751.8,14869.3,14991.8
1851,25751.8,14914.1,14982.6
1852,25751.8,14908.7,14998.5
1853,25751.7,14931,14965
1854,25751.7,14872.5,14991
1855,25751.7,14907.9,14963.4
1856,25751.7,14916.9,14978.3
1857,25751.6,14935.6,14955.6
1858,25751.6,14901.2,14971.8
1859,25751.6,14926.7,14950.2
1860,25751.5,14906.6,14968.4
1861,25751.5,14920.2,14948.8
1862,25751.5,14913.5,14967.7
1863,25751.5,14966.5,14946
1864,25751.4,14924.3,14960.1
1865,25751.4,14941.7,14945.2
1866,25751.4,14923.5,14982
1867,25751.3,14950.6,14923.2
1868,25751.3,14939.5,14978.2
1869,25751.3,14948.5,14987.1
1870,25751.3,14940,15011.3
1871,25751.2,14965.7,14993.7
1872,25751.2,14938.4,14988.1
1873,25751.2,14969.4,14981.3
1874,25751.1,14947.1,15008.7
1875,25751.1,14962.6,15013.4
1876,25751.1,14934,15033.3
1877,25751.1,14935.5,15015.2
1878,25751,14980.2,15031.1
1879,25751,14922.1,15011.9
1880,25751,14885.3,15056.1
1881,25750.9,14973.7,15021.7
1882,25750.9,14876.4,15062.3
1883,25750.9,14961.5,15043.2
1884,25750.9,14859.4,15061.8
1885,25750.8,14955.8,15036.2
1886,25750.8,14834.1,15031.4
1887,25750.8,14928.1,15075.8
1888,25750.8,14894.3,15061.5
1889,25750.7,14896.2,14990
1890,25750.7,14876.6,15089.2
1891,25750.7,14893.7,14996.1
1892,25750.6,14877.4,14995.2
1893,25750.6,14893.8,15043.5
1894,25750.6,14876.4,15003.8
1895,25750.6,14896.5,14975.3
1896,25750.5,14881.6,15045.6
1897,25750.5,14908.3,14994
1898,25750.5,14905.9,14980.6
1899,25750.4,14862.2,14955.4
1900,25750.4,14893.9,14989.9
1901,25750.4,14905,14964.3
1902,25750.4,14878.3,14975
1903,25750.3,14892.4,14951.5
1904,25750.3,14868.3,14966.1
1905,25750.3,14902.8,14943
1906,25750.3,14890.4,14959
1907,25750.2,14898.6,14938
1908,25750.2,14889.4,14956.7
1909,25750.2,14928.3,14937.6
1910,25750.1,14847.8,14956
1911,25750.1,14898.6,14933
1912,25750.1,14908,14948.2
1913,25750.1,14903.9,14961.6
1914,25750,14913.6,14987.9
1915,25750,14916.4,14923.5
1916,25750,14874.4,14969.8
1917,25750,14908.4,14974.5
1918,25749.9,14887.3,14972.1
1919,25749.9,14896.1,14962.9
1920,25749.9,14874.5,14986.5
1921,25749.8,14914.7,14993
1922,25749.8,14932.7,15013.4
1923,25749.8,14882.9,14984.4
1924,25749.8,14901.5,15001.4
1925,25749.7,14931.9,14978.5
1926,25749.7,14892.1,15015.7
1927,25749.7,14932.6,15021
1928,25749.7,14921.8,15023.4
1929,25749.6,14935.2,14996.6
1930,25749.6,14925.3,15016.6
1931,25749.6,14941.7,15025.7
1932,25749.5,14920.3,15019.4
1933,25749.5,14932.4,15011.5
1934,25749.5,14898,15041.4
1935,25749.5,14968.2,14986.3
1936,25749.4,14857.6,15044.8
1937,25749.4,14964.3,15018
1938,25749.4,14859,15051.3
1939,25749.4,14945.4,15020.5
1940,25749.3,14838.8,15052.5
1941,25749.3,14936.4,15030.5
1942,25749.3,14818.2,15037.8
1943,25749.3,14915.7,15051.1
1944,25749.2,14827.7,15030.4
1945,25749.2,14875.4,15025.7
1946,25749.2,14848.6,14997.3
1947,25749.1,14868.2,15013.9
1948,25749.1,14850.2,14988.7
1949,25749.1,14871.7,14970.9
1950,25749.1,14855.7,14995.6
1951,25749,14881.3,14963.2
1952,25749,14875.7,14970
1953,25749,14838.8,14969.2
1954,25749,14881.8,14967.3
1955,25748.9,14872,14934.5
1956,25748.9,14863.3,14969.4
1957,25748.9,14899,14939.3
1958,25748.9,14857.3,14952.5
1959,25748.8,14872.9,14931.3
1960,25748.8,14859.1,14947.4
1961,25748.8,14876,14925.7
1962,25748.7,14852,14943.3
1963,25748.7,14887.1,14922.9
1964,25748.7,14869.1,14941.5
1965,25748.7,14880.4,14920.8
1966,25748.6,14871.7,14936.3
1967,25748.6,14891.4,14914.5
1968,25748.6,14836.8,14982.2
1969,25748.6,14880,14903.4
1970,25748.5,14862.3,14963.2
1971,25748.5,14896.7,14921.1
1972,25748.5,14886.6,14956.6
1973,25748.5,14882,14959.7
1974,25748.4,14866.1,14974.2
1975,25748.4,14883.4,14952.9
1976,25748.4,14858.4,14975.3
1977,25748.4,14879.7,14974.1
1978,25748.3,14861.4,14997.3
1979,25748.3,14879.1,14973.1
1980,25748.3,14866,14996.1
1981,25748.3,14905.6,14975.2
1982,25748.2,14841.4,14988.1
1983,25748.2,14896,14959.6
1984,25748.2,14889.7,15001.3
1985,25748.1,14902.1,14962.8
1986,25748.1,14878.6,14982.3
1987,25748.1,14889.1,14970.9
1988,25748.1,14874.8,14998.2
1989,25748,14897,14962.3
1990,25748,14881.6,14974.3
1991,25748,14907.5,14949.7
1992,25748,14897.8,14965.4
1993,25747.9,14922.7,14942.4
1994,25747.9,14899.9,14958.6
1995,25747.9,14921.5,14936.3
1996,25747.9,14898.3,14953.1
1997,25747.8,14911.2,14931.4
1998,25747.8,14878.4,14948.9
1999,25747.8,14942,14927.8
2000,25747.8,14880.1,14945.7

