,,red arch,green banana arch,cabbage black sphere,orange carrot cylinder,white corn cylinder,red cube,blue cuboid,green cucumber cylinder,green cylinder,black eggplant cylinder,yellow lemon sphere,green lime sphere,orange sphere,purple plum sphere,brown potato sphere,green semicylinder,yellowish red tomato sphere,blue triangle
,,arch/arch_4,banana/banana_4,cabbage/cabbage_4,carrot/carrot_4,corn/corn_4,cube/cube_4,cuboid/cuboid_4,cucumber/cucumber_4,cylinder/cylinder_4,eggplant/eggplant_4,lemon/lemon_4,lime/lime_4,orange/orange_4,plum/plum_4,potato/potato_4,semicylinder/semicylinder_4,tomato/tomato_4,triangle/triangle_4
apple,rgb,0.969454,0.596178,0.531545,0.183141,0.186404,0.952364,0.309332,0.684585,0.46783,0.708631,0.704323,0.366261,0.78213,0.72414,0.647648,0.473673,0.847859,0.394114
apple,shape,0.0714305,0.375795,6.87347e-06,0.00228699,6.74956e-15,0.000986046,3.65655e-06,2.46043e-07,1.64611e-06,0.0160937,0.00933905,0.250363,0.78825,0.699569,0.00139123,5.06418e-07,0.0863654,7.08722e-06
apple,object,0.0465237,0.389355,2.01213e-05,0.0295525,2.09779e-14,0.000446337,1.95396e-05,6.606e-07,4.22885e-06,0.04198,0.00894563,0.317417,0.767366,0.777535,0.00169708,1.13444e-06,0.0869738,5.20629e-05
arch,rgb,0.000413125,0.0680289,0.0494437,0.0286929,0.0874552,0.00247829,0.104423,0.0687597,0.14099,0.0439144,0.0392679,0.188773,0.031793,0.010969,0.0333624,0.20824,0.0131259,0.0786954
arch,shape,0.56281,0.604348,1.88172e-05,0.128087,0.199673,0.000893335,0.177579,0.0778067,1.19209e-05,0.000113562,9.24914e-08,2.79229e-11,1.05431e-08,2.38127e-05,6.30114e-06,0.201657,5.23826e-05,0.0229826
arch,object,0.528513,0.600601,2.10028e-05,0.0378049,0.199961,0.000156327,0.223219,0.0874958,9.71765e-06,0.00156181,1.2209e-07,1.15949e-12,6.23633e-10,1.70656e-05,3.04111e-05,0.184185,5.44118e-06,0.0409543
arched,rgb,2.63274e-15,0.000344875,0.00220426,0.00153443,0.181643,3.70476e-12,0.00465885,3.84632e-05,0.003685,6.90503e-05,3.50095e-06,0.0260964,9.41653e-07,3.2047e-08,3.50863e-06,0.0364736,1.42245e-08,0.000799132
arched,shape,0.441364,0.0019328,0.000107736,0.000169743,2.47398e-10,0.000130495,0.000848464,1.36559e-05,4.4964e-07,2.70753e-05,2.85161e-09,7.17819e-08,3.46867e-07,5.66447e-07,4.96883e-10,2.32732e-07,3.71537e-08,6.68907e-05
arched,object,0.218001,0.00162377,0.000121572,3.18146e-05,1.79985e-10,6.63952e-05,0.00191778,1.59771e-05,1.00337e-06,3.19943e-05,3.02515e-09,1.17112e-07,2.77796e-07,3.95631e-07,5.7193e-10,4.75241e-07,2.85892e-08,0.000160446
archshaped,rgb,0.000145834,0.0447229,0.0269641,0.00346816,0.02063,0.00160346,0.0830612,0.0638928,0.11525,0.0383752,0.0191118,0.108787,0.020026,0.00467467,0.0150174,0.19267,0.00697904,0.0603219
archshaped,shape,0.524199,0.466296,0.00290208,0.0319354,0.000238869,0.00307075,0.0143045,0.00823997,6.53012e-07,0.0245812,2.09281e-07,2.27236e-11,5.75691e-10,2.34176e-06,2.55788e-06,0.273591,2.22924e-08,0.000507506
archshaped,object,0.917205,0.187958,0.000584135,0.0370317,9.38325e-07,0.00690936,0.00350318,0.00312356,1.02005e-07,0.0105828,7.65575e-08,5.17285e-11,2.88437e-09,1.83793e-06,2.87927e-07,0.0217598,3.49905e-08,5.64235e-05
arcshape,rgb,1.44639e-11,0.00250479,0.00758735,0.00338213,0.153267,4.05911e-09,0.02463,0.000816212,0.0224203,0.000624269,0.000109554,0.0797641,4.3835e-05,2.99131e-06,0.000102445,0.104283,1.83762e-06,0.00660528
arcshape,shape,0.436628,0.00185251,9.11418e-05,0.000231257,2.62722e-10,0.000134922,0.000686132,1.33274e-05,4.17293e-07,3.03117e-05,2.8803e-09,7.79133e-08,3.91481e-07,5.9693e-07,5.17637e-10,2.05089e-07,3.82085e-08,7.13978e-05
arcshape,object,0.212337,0.0015048,0.000100455,2.5816e-05,1.80049e-10,7.28272e-05,0.00175756,1.60555e-05,1.03769e-06,3.63679e-05,3.26436e-09,1.47145e-07,3.14092e-07,4.10891e-07,6.07929e-10,4.89095e-07,2.94242e-08,0.000174106
banana,rgb,0.249652,0.521537,0.251519,0.80137,0.654824,0.203095,0.0405152,0.285822,0.37481,0.207878,0.838598,0.832934,0.678284,0.317893,0.714831,0.471501,0.628886,0.0611263
banana,shape,1.99092e-06,0.018841,4.31762e-08,0.0197349,0.204212,1.16699e-07,1.37652e-06,0.012712,0.000144302,4.47865e-07,3.49732e-07,8.79572e-11,2.65883e-08,3.65875e-09,8.3757e-06,1.25598e-06,1.30576e-06,1.64333e-05
banana,object,2.34098e-06,0.0318821,1.04189e-07,0.0209784,0.16428,1.7224e-07,4.5548e-07,0.0145848,0.000262655,3.30616e-07,1.0381e-06,3.61963e-10,1.02902e-07,9.14433e-09,1.12317e-05,3.78622e-06,2.68331e-06,9.05448e-06
black,rgb,0.00679167,0.0596303,0.0388467,0.00659622,0.017659,0.0219345,0.0401027,0.0747177,0.0769624,0.0595252,0.047232,0.0737804,0.0526316,0.0185255,0.0353619,0.108967,0.0345685,0.0395821
black,shape,0.264753,0.429088,4.00112e-07,0.142858,1.18326e-06,9.85096e-07,5.28568e-06,0.000265935,6.77878e-05,4.82378e-06,2.48477e-07,1.06065e-10,2.41241e-06,4.66038e-06,2.04764e-09,6.77386e-07,7.256e-05,0.0426184
black,object,0.00115607,0.57108,1.27452e-07,0.142857,9.623e-07,5.89693e-08,1.6391e-06,0.000369048,0.000286934,4.6037e-05,1.97053e-06,2.17693e-10,2.20067e-05,1.14416e-06,1.14824e-09,1.08675e-05,0.000143039,0.0429189
block,rgb,0.69199,0.889329,0.562805,0.133076,0.289189,0.88985,0.198697,0.914871,0.867614,0.832828,0.964438,0.939857,0.963253,0.604442,0.896518,0.937822,0.945712,0.305119
block,shape,0.276111,0.493555,0.00226553,0.142885,1.25198e-06,0.0219394,0.493927,0.000134208,0.00748745,0.180081,0.000107918,1.08653e-08,9.04291e-11,0.000444644,5.49736e-05,0.218552,3.28857e-07,0.397541
block,object,0.35138,0.452374,0.00431874,0.142955,3.99871e-07,0.0340348,0.346614,0.000116708,0.00847662,0.201565,9.746e-05,3.9647e-08,2.37586e-10,0.000709534,3.82237e-05,0.175733,3.40277e-07,0.366357
blue,rgb,0.00586348,0.00508445,0.141111,0.000209372,0.00204945,0.0175788,0.957478,0.0253493,0.0156216,0.0874611,2.83825e-05,8.40641e-05,0.000249861,0.0128359,0.000218336,0.00614131,0.00030889,0.851418
blue,shape,0.111459,0.310692,0.000226375,0.0877352,0.0011575,0.893259,0.00202771,0.0191915,0.0326731,0.000610949,1.47715e-07,4.76672e-08,0.000101291,0.000481058,6.40859e-08,0.177144,0.000220412,0.220511
blue,object,1.60199e-06,0.185283,7.26295e-05,6.39215e-06,0.00013473,0.0193828,0.130199,0.00278228,0.0480943,0.000129672,4.08497e-07,4.69675e-06,1.62449e-05,1.31936e-05,4.50145e-06,0.0470092,1.32351e-05,0.480416
brown,rgb,0.133664,0.0249232,0.035923,0.0404778,0.0281879,0.0756875,0.0352789,0.0263506,0.0207723,0.0329659,0.0243755,0.0149625,0.0280909,0.0524103,0.0293175,0.0166041,0.0383407,0.0360722
brown,shape,2.83737e-06,0.0224332,4.36261e-11,0.000591531,0.995914,8.62398e-09,3.25571e-05,0.048559,4.64071e-06,2.85686e-11,0.155189,5.26204e-12,0.000504916,1.0282e-09,0.00984214,7.80451e-06,5.36765e-05,2.19198e-07
brown,object,2.66336e-08,0.019524,1.29805e-11,0.000229418,0.997842,8.61199e-10,0.000183219,0.0416498,1.08909e-05,4.38056e-11,0.129837,2.62664e-12,0.000194642,1.74105e-10,0.0137629,2.38891e-05,2.0615e-05,3.72874e-07
cabbage,rgb,0.999455,0.612184,0.901572,0.939649,0.787015,0.993665,0.932425,0.687529,0.470384,0.855323,0.52303,0.151791,0.675906,0.976028,0.735785,0.247008,0.88314,0.930633
cabbage,shape,0.000126322,0.000687087,0.666473,0.057713,2.05482e-06,5.32292e-06,3.81577e-06,5.4501e-06,5.09711e-07,5.24755e-07,9.16478e-08,4.21211e-09,2.00062e-08,7.47101e-07,5.08078e-07,1.50981e-05,7.57078e-08,3.09085e-05
cabbage,object,5.52539e-05,0.00141272,0.692912,0.0980542,3.5255e-06,4.33773e-06,1.13073e-06,5.4673e-06,8.7294e-07,3.95216e-07,5.74418e-07,2.5277e-08,7.36024e-08,6.25119e-07,1.8318e-06,4.93089e-05,1.77742e-07,1.1e-05
carrot,rgb,0.998599,0.0141701,0.0274166,0.887229,0.167667,0.817279,0.000582014,0.00270782,0.000983794,0.00858882,0.132956,0.0038551,0.0897807,0.464948,0.154888,0.0003426,0.394695,0.00146581
carrot,shape,0.000338265,0.000257207,1.32945e-05,0.513593,1.06197e-06,1.0463e-08,3.97896e-08,0.00130327,3.11408e-08,3.7503e-05,1.24633e-11,1.07689e-16,3.29023e-13,5.91343e-10,6.62796e-10,1.12474e-08,1.03578e-10,0.0001341
carrot,object,5.55032e-09,0.000464977,1.48928e-05,0.304727,6.41428e-06,4.22559e-11,1.21314e-06,0.0059376,7.43672e-08,0.000163676,5.39167e-14,1.06574e-17,3.79466e-15,2.6552e-12,1.02808e-11,4.64042e-08,2.26747e-13,0.00078973
cherry,rgb,2.50232e-07,0.365366,2.10379e-05,4.70098e-19,3.15933e-18,0.0290468,1.35108e-20,0.0116673,1.28821e-05,0.00388307,0.977731,0.0690184,0.986661,7.0367e-12,0.00100851,0.223026,0.70626,7.47243e-18
cherry,shape,6.50615e-06,0.217509,1.58037e-08,7.40786e-05,2.78642e-10,1.14848e-07,4.00985e-07,4.31236e-06,3.57825e-07,1.33718e-06,0.00143628,6.1604e-12,1.51652e-06,7.0315e-08,0.00031545,1.30728e-07,0.00293146,1.64898e-05
cherry,object,1.37027e-05,0.184498,2.4919e-08,4.36101e-05,3.60306e-10,2.46521e-07,2.75209e-07,5.33415e-06,5.11988e-07,1.40562e-06,0.00187962,1.69705e-11,2.55176e-06,1.02867e-07,0.000416294,1.62441e-07,0.00407221,1.32518e-05
circle,rgb,0.0205824,0.0613136,0.0472034,0.0302292,0.0424467,0.0335696,0.0476591,0.0637727,0.0690287,0.0554249,0.0600176,0.0771649,0.0585375,0.036055,0.0520747,0.0814124,0.0477476,0.047557
circle,shape,0.377294,0.548632,1.33314e-06,2.22479e-07,3.43881e-10,8.06426e-10,5.77136e-06,3.83905e-05,1.94928e-10,5.17741e-09,1.75687e-13,4.88841e-22,4.87489e-17,4.56606e-10,1.02779e-11,2.57512e-06,3.3494e-09,0.000152022
circle,object,0.360089,0.290669,6.12472e-07,5.66038e-08,8.68189e-10,2.57219e-10,5.38233e-05,5.32413e-05,8.96444e-11,6.53461e-08,1.97657e-13,6.50758e-23,7.20768e-18,3.10655e-10,5.77845e-11,1.18456e-06,6.03067e-10,0.000301685
circular,rgb,0.99998,4.27048e-09,0.00610365,6.76164e-09,6.836e-10,0.894412,0.829197,3.45371e-08,1.25753e-10,4.99516e-05,7.47317e-15,8.18195e-18,8.31412e-12,0.00296659,1.58412e-11,1.73453e-12,1.02484e-08,0.361285
circular,shape,0.000181492,0.244093,0.0795466,0.14286,0.0244473,7.38369e-05,1.05232e-05,0.00208089,0.255221,0.00353534,1.71261e-05,3.0101e-14,5.98511e-12,1.50876e-05,0.00113157,0.457675,5.84672e-06,0.592755
circular,object,0.000559104,0.21764,0.129062,0.142898,0.024975,8.00907e-05,0.00015278,0.00100019,0.177978,0.0231076,9.88103e-06,6.25211e-14,2.01482e-11,4.90933e-05,0.00150434,0.294242,6.23889e-07,0.691399
cob,rgb,0.764702,0.0904813,0.41591,0.990192,0.885893,0.122502,0.635402,0.0191135,0.03674,0.113903,0.0308746,0.030736,0.0209942,0.598506,0.125469,0.00986272,0.0538271,0.516665
cob,shape,1.0661e-06,0.0886354,4.31235e-06,0.0308398,0.81126,1.19168e-05,8.75569e-05,0.0475105,3.98482e-06,2.84699e-07,2.03396e-08,4.0878e-10,1.30815e-07,1.5622e-07,1.25443e-08,0.00112701,8.4148e-08,2.40686e-06
cob,object,2.40199e-07,0.0664265,1.16546e-06,0.00727475,0.831093,1.23016e-05,2.89611e-05,0.05894,7.86886e-06,4.05285e-07,1.47806e-07,8.65665e-10,6.98426e-07,4.77164e-08,7.72828e-08,0.0023867,4.52113e-07,7.20481e-07
corn,rgb,0.690599,0.690744,0.818324,0.930871,0.910287,0.616498,0.930344,0.688811,0.753389,0.724035,0.564793,0.676378,0.564069,0.805437,0.681438,0.687129,0.581065,0.907618
corn,shape,4.23632e-07,0.086473,6.48494e-06,0.0224496,0.807488,7.93659e-06,6.88493e-05,0.0456598,2.83688e-06,2.22183e-07,1.88685e-08,3.77791e-10,8.22332e-08,1.51708e-07,1.63706e-08,0.000893653,5.65724e-08,1.54005e-06
corn,object,1.41006e-07,0.0799258,4.21475e-06,0.0109976,0.82916,7.34633e-06,6.00408e-05,0.059126,5.36232e-06,3.83451e-07,5.67759e-08,7.50306e-10,2.22639e-07,8.05862e-08,4.6157e-08,0.00176785,1.388e-07,1.10901e-06
cube,rgb,0.501167,0.906458,0.860118,0.6306,0.79021,0.754105,0.895627,0.924805,0.933461,0.902989,0.884607,0.932237,0.889844,0.769896,0.859477,0.951241,0.840549,0.889648
cube,shape,0.00037267,0.312512,0.000227568,0.14411,3.68431e-08,0.420008,0.222902,0.0414964,0.126788,0.0228885,0.000669034,3.27897e-09,2.59203e-07,0.000196095,1.98871e-05,0.00155761,4.82118e-06,0.611075
cube,object,0.00682639,0.221242,5.84781e-05,0.0245841,2.28837e-09,0.420568,0.240281,0.182575,0.150613,0.0830854,0.000219189,3.14022e-08,1.20721e-06,1.34409e-05,4.71363e-05,0.0345564,7.08509e-06,0.531007
cubeshaped,rgb,1.40537e-14,0.00622905,0.0073069,4.63032e-06,0.00727275,3.64552e-10,0.911646,0.0339893,0.616033,0.00449934,2.51951e-05,0.315815,5.44823e-05,5.12566e-07,2.69635e-05,0.886131,2.51297e-07,0.494797
cubeshaped,shape,3.90554e-08,0.000239541,0.0356854,1.0475e-06,9.50942e-14,0.407473,1.19378e-06,1.02374e-06,1.23191e-08,4.11485e-08,7.74958e-11,9.60705e-11,3.62343e-05,4.51697e-07,3.53958e-10,3.16454e-11,3.41564e-09,8.52755e-06
cubeshaped,object,5.13626e-10,5.8055e-05,0.0088846,3.45149e-08,1.08312e-13,0.0511134,0.000137442,1.36241e-06,1.02442e-07,8.69937e-08,1.08708e-10,7.15524e-10,6.79429e-06,1.54502e-07,7.0962e-10,6.79924e-10,2.15933e-09,0.000120061
cubic,rgb,2.78004e-16,0.00466177,0.00497097,1.13575e-06,0.00471568,2.75489e-11,0.93942,0.0311355,0.707456,0.00298033,9.92614e-06,0.397703,2.48017e-05,9.54723e-08,9.89543e-06,0.931556,5.057e-08,0.526605
cubic,shape,7.7381e-07,0.00260226,0.005168,2.39338e-06,2.72776e-12,0.84278,2.19811e-05,1.29925e-05,2.71633e-07,5.10788e-08,5.31631e-09,3.42698e-09,4.04956e-05,1.47083e-05,4.58059e-09,2.70322e-10,1.69886e-07,0.000361857
cubic,object,5.02697e-09,0.000681871,0.00382107,6.96018e-08,1.32669e-12,0.302607,0.00081776,1.19667e-05,2.30842e-06,1.91168e-07,2.60711e-09,4.38034e-08,8.79182e-06,1.93491e-06,2.88277e-09,5.0096e-09,3.8558e-08,0.00160151
cubical,rgb,9.81326e-20,0.000180891,0.000289585,3.41831e-11,8.92325e-06,1.54445e-13,0.99,0.0051727,0.266287,0.000688374,4.82603e-09,0.00278503,1.06555e-07,4.70825e-10,1.13164e-08,0.760138,5.34991e-11,0.70018
cubical,shape,0.00189589,0.000169891,5.61473e-05,0.158756,2.40735e-06,9.34645e-06,0.285317,0.0151323,0.00670485,0.000125944,2.21521e-06,1.71332e-09,5.05616e-09,2.43933e-06,1.52744e-05,0.000263079,9.36014e-07,0.046133
cubical,object,0.000311361,0.000121408,3.94796e-05,0.139106,2.59634e-06,5.72726e-06,0.267538,0.013256,0.00603773,7.47658e-05,2.68781e-06,4.263e-09,9.82199e-09,1.3546e-06,1.63925e-05,0.000403551,1.02699e-06,0.0309811
cuboid,rgb,0.0231536,0.0521978,0.0166515,0.00101964,0.00224096,0.0595557,0.00139681,0.0490143,0.0276387,0.0373489,0.108834,0.0548692,0.112389,0.00990324,0.0415948,0.0573201,0.0882577,0.00248751
cuboid,shape,0.0392354,0.00145504,0.000300181,5.11959e-07,5.34407e-15,0.787495,0.244755,0.000780341,6.03185e-08,3.67341e-05,9.60393e-07,8.60343e-10,2.09715e-06,8.90673e-06,6.6047e-07,4.26836e-08,2.29729e-06,0.000163585
cuboid,object,0.00397273,0.00225583,0.00087135,2.79838e-08,1.16638e-14,0.575238,0.658557,0.000286068,3.29207e-07,1.48804e-05,8.28876e-07,1.77295e-09,7.79563e-07,3.99715e-06,1.51188e-07,2.33836e-07,1.68178e-06,0.000498423
cuboidshaped,rgb,0.112333,0.0201588,0.00677008,0.00428846,0.0028638,0.077925,0.000511516,0.0144177,0.0075522,0.0124957,0.0803919,0.020997,0.0685689,0.0144966,0.0365271,0.0111952,0.0833537,0.001023
cuboidshaped,shape,0.0117762,0.00056691,0.0562728,0.0903896,1.57337e-09,0.0019779,0.529285,2.62638e-05,7.32812e-05,5.86355e-05,1.36085e-05,1.01275e-06,7.03762e-08,0.0002473,6.98122e-06,2.77975e-05,3.80035e-06,0.00126547
cuboidshaped,object,0.00596218,8.80166e-05,0.0164705,0.0310716,1.35626e-09,0.0027232,0.190683,1.95395e-05,2.75573e-05,4.18757e-05,1.97242e-05,1.00161e-06,1.83198e-07,7.64622e-05,1.99941e-05,1.8081e-05,5.85035e-06,0.000108904
cucumber,rgb,0.000191502,0.839751,0.666653,0.0302539,0.475869,0.0149417,0.951418,0.925737,0.973274,0.819139,0.512327,0.964244,0.540929,0.0781111,0.401021,0.990647,0.155681,0.912355
cucumber,shape,0.000679517,0.196907,6.92679e-05,0.521609,0.800151,3.55469e-06,4.13662e-05,0.599369,1.21988e-05,8.32656e-05,1.90162e-08,1.45119e-11,5.75856e-09,6.25495e-09,6.06271e-06,2.00945e-05,4.6218e-09,5.62267e-05
cucumber,object,0.000955348,0.197572,8.95862e-05,0.555582,0.800932,6.4377e-06,0.000125577,0.634745,2.11191e-05,0.000210947,2.9383e-08,2.37364e-11,1.02058e-08,1.60459e-08,7.77468e-06,3.60826e-05,6.87461e-09,0.000163869
curve,rgb,5.31941e-16,0.000175121,0.000602551,6.75203e-09,5.68383e-05,2.80054e-11,0.969752,0.00318902,0.0877327,0.000795977,3.78342e-08,0.00122575,3.93932e-07,2.28857e-08,1.18518e-07,0.331717,1.54729e-09,0.59212
curve,shape,0.470703,0.0050877,2.25237e-06,0.000515315,1.40641e-07,1.58856e-06,0.00106817,0.000401487,7.86832e-07,1.04461e-05,5.55058e-10,6.74251e-09,1.49913e-08,1.17899e-07,9.30186e-10,5.17083e-07,1.08399e-08,0.000214017
curve,object,0.236425,0.00426146,2.31032e-06,0.000354427,2.06442e-07,7.90468e-07,0.00205226,0.000525269,2.31831e-06,1.06014e-05,7.34188e-10,8.94117e-09,1.60777e-08,1.06501e-07,1.39865e-09,9.64118e-07,1.10771e-08,0.000523512
curved,rgb,1.84188e-05,0.0217121,0.00987295,0.00155586,0.0109545,0.000295412,0.0303741,0.0281442,0.0651423,0.0138838,0.00996007,0.0851617,0.00891273,0.00129884,0.00680834,0.13181,0.0024265,0.0214469
curved,shape,0.355259,0.595776,3.77141e-06,0.000328949,0.132192,4.2734e-07,0.00030295,0.00109424,4.29624e-07,2.36141e-05,1.52878e-10,5.63887e-15,2.16496e-09,2.49289e-08,1.34759e-08,0.0264716,5.15059e-07,3.75466e-05
curved,object,0.411299,0.584242,1.66906e-06,7.34288e-06,0.154546,3.38508e-07,0.000995159,0.000836965,4.12698e-07,2.25728e-05,1.09269e-10,3.06122e-15,1.63752e-09,2.08422e-08,1.86523e-08,0.0121568,2.49567e-07,5.68819e-05
cylinder,rgb,0.941209,0.876763,0.891239,0.931759,0.909057,0.914454,0.880583,0.867151,0.862252,0.877049,0.887364,0.864847,0.88446,0.912873,0.894943,0.847742,0.899308,0.883091
cylinder,shape,0.371472,0.601138,3.10227e-07,0.14287,0.182844,0.000577345,0.12778,0.0549792,0.158425,2.6524e-05,5.44845e-07,2.55434e-11,3.54098e-10,5.74358e-06,7.356e-08,0.255368,6.25189e-05,0.259784
cylinder,object,0.356766,0.599762,1.62505e-07,0.142863,0.199278,0.000185549,0.212465,0.0591711,0.162199,0.00060097,1.54283e-06,9.24673e-12,4.72153e-11,1.05605e-05,1.38461e-06,0.217304,1.9523e-05,0.459148
cylindershape,rgb,0.0312214,0.0773074,0.0415014,0.00417433,0.00950563,0.0731972,0.013866,0.0878908,0.0630841,0.0743274,0.0938948,0.073222,0.10681,0.0251919,0.0550702,0.0980198,0.0855154,0.0180336
cylindershape,shape,8.21418e-07,0.162645,2.26022e-15,1.91903e-05,6.27423e-08,1.90603e-10,2.33116e-09,0.000140201,0.398895,6.20261e-05,9.88103e-06,3.79585e-10,1.50679e-09,2.15983e-09,2.10165e-06,0.000112346,5.21054e-06,0.182155
cylindershape,object,3.53503e-07,0.140503,3.05801e-15,1.50629e-05,4.53752e-08,1.58869e-10,1.95014e-08,0.000155394,0.452058,0.000102182,8.3833e-06,8.29094e-10,2.21565e-09,1.11011e-09,2.75749e-06,0.000193897,3.90559e-06,0.333715
cylindershaped,rgb,0.275805,0.0287712,0.0187485,0.00906537,0.00611428,0.169364,0.00313933,0.0256967,0.0128689,0.0282042,0.0654391,0.0175451,0.0702809,0.0369716,0.0431166,0.0147154,0.0991541,0.00511672
cylindershaped,shape,1.05909e-06,0.149067,3.42881e-15,1.68159e-05,6.27458e-08,2.82148e-10,3.23013e-09,0.000117833,0.33398,6.32902e-05,1.33075e-05,2.62459e-10,1.80567e-09,2.00384e-09,3.36066e-06,0.000132071,6.04178e-06,0.149137
cylindershaped,object,5.56244e-07,0.121044,5.03595e-15,1.08901e-05,5.97197e-08,3.54839e-10,1.74938e-08,0.00014466,0.370565,9.79633e-05,1.12263e-05,6.35599e-10,2.7427e-09,1.30629e-09,3.95393e-06,0.000206565,4.69935e-06,0.261494
cylindrical,rgb,0.048089,0.0746509,0.0652482,0.0174896,0.0288255,0.0768965,0.0605141,0.0910052,0.0780007,0.0877046,0.0643036,0.0630261,0.0760438,0.0492489,0.0564077,0.0903801,0.0684397,0.0623084
cylindrical,shape,0.455405,0.206965,3.72961e-08,0.151751,0.00715278,9.94394e-06,7.24474e-05,0.00751153,0.249919,4.64469e-05,2.96632e-06,4.62774e-10,2.40776e-11,2.79963e-07,6.58054e-06,0.265666,0.000785973,0.323879
cylindrical,object,0.0178369,0.188634,7.07279e-09,0.000146455,0.00162411,4.89765e-07,0.00612763,0.00297127,0.484721,6.83744e-05,3.49374e-06,4.30833e-08,3.27908e-10,1.34739e-07,1.64442e-05,0.151331,0.000401463,0.794145
ear,rgb,0.71233,0.302696,0.560207,0.976897,0.907431,0.316933,0.829116,0.189753,0.282419,0.294859,0.194609,0.241323,0.160254,0.715196,0.384263,0.151159,0.236861,0.766843
ear,shape,7.14758e-07,0.0930286,3.03983e-06,0.042533,0.813316,7.96621e-06,7.15769e-05,0.0488235,3.22038e-06,1.92399e-07,1.62793e-08,3.57915e-10,1.16348e-07,9.63646e-08,8.67246e-09,0.000750631,6.37611e-08,2.04884e-06
ear,object,1.85727e-07,0.0811566,9.00561e-07,0.0120394,0.834526,9.02208e-06,2.35472e-05,0.0627562,6.78806e-06,2.91564e-07,1.2152e-07,8.80523e-10,6.80241e-07,3.2268e-08,4.69752e-08,0.00168524,3.41973e-07,6.71447e-07
eggplant,rgb,0.576403,0.84818,0.882337,0.614141,0.776554,0.76527,0.957611,0.90234,0.908032,0.900467,0.71451,0.820099,0.774572,0.789076,0.74994,0.912064,0.728048,0.945419
eggplant,shape,0.00021042,0.000131111,0.0157374,9.04333e-06,1.02006e-15,1.70716e-06,6.4689e-08,9.053e-07,8.33373e-09,0.7484,2.59676e-12,9.91443e-13,4.70556e-10,3.27696e-07,1.38438e-12,6.05288e-07,5.72609e-11,2.39884e-05
eggplant,object,0.000148395,0.000253024,0.0333109,2.70062e-05,3.24911e-15,1.60854e-06,8.56728e-08,1.64105e-06,1.54634e-08,0.803659,5.4964e-12,1.77424e-12,6.73751e-10,4.51502e-07,2.56659e-12,9.02857e-07,8.65029e-11,3.18661e-05
globular,rgb,0.000724556,0.231145,0.0105245,1.4664e-07,1.49588e-06,0.0610116,7.14383e-07,0.131227,0.0218367,0.0719696,0.49851,0.149666,0.581784,0.000112377,0.0274576,0.290559,0.25927,4.36321e-06
globular,shape,3.32194e-06,0.392716,2.90167e-10,6.65133e-05,1.48721e-09,1.9863e-07,5.39354e-07,1.53302e-05,7.71337e-08,1.44822e-05,0.0686925,2.9219e-10,0.00553654,6.20394e-08,0.000231561,5.61104e-07,0.012902,1.47503e-05
globular,object,8.31456e-06,0.395589,3.26399e-10,0.000195915,1.80142e-09,1.92522e-07,1.24909e-07,2.09782e-05,7.41357e-08,1.02789e-05,0.0865898,2.7924e-10,0.00651168,5.72811e-08,0.000276537,4.46142e-07,0.0160001,8.34545e-06
golden,rgb,0.0918864,0.0373184,0.0161848,0.0449455,0.0250749,0.0557803,0.00355073,0.0232097,0.0197425,0.0198241,0.10595,0.0549467,0.0767412,0.0340833,0.0677601,0.0235656,0.0862433,0.00538468
golden,shape,8.72175e-07,0.193855,2.35453e-08,1.4222e-05,1.10279e-09,1.42071e-05,6.57552e-06,2.25672e-06,6.25139e-07,0.000106227,0.00850415,4.76894e-06,0.0873648,1.17227e-05,0.000235074,3.21643e-07,0.0163012,4.65574e-06
golden,object,6.97256e-07,0.170976,1.73533e-08,5.66508e-06,1.07901e-09,1.62803e-05,4.69601e-06,2.54852e-06,7.77687e-07,9.91906e-05,0.0120653,9.39751e-06,0.110922,1.00442e-05,0.000277698,4.65067e-07,0.0189716,3.40451e-06
green,rgb,0.000101586,0.630902,0.366065,0.00847318,0.195038,0.0068356,0.772657,0.788434,0.905553,0.581184,0.305585,0.894049,0.333714,0.0273563,0.198461,0.966953,0.0746391,0.672482
green,shape,0.07444,0.372208,0.0310803,0.127731,0.000325596,0.22565,0.180148,0.507138,0.0808553,0.000221324,0.000248663,0.46524,0.0216173,0.014268,0.00968387,0.00657017,5.89707e-06,0.330976
green,object,0.000841697,0.665955,0.220595,0.0116191,0.000128239,0.0485852,0.0515558,0.773319,0.254787,0.00222224,0.00559433,0.700395,0.15932,0.0025298,0.00533386,0.0986717,2.96407e-05,0.157535
half,rgb,0.825475,0.841375,0.87172,0.949381,0.934584,0.788529,0.909649,0.824286,0.85622,0.829324,0.827598,0.862375,0.810139,0.874863,0.854311,0.837188,0.81274,0.899037
half,shape,0.57845,0.606436,2.79668e-05,0.130504,0.199803,0.00126427,0.186046,0.0829178,6.87055e-06,0.000299039,4.43773e-08,3.74241e-12,1.84427e-09,3.12027e-05,7.24498e-06,0.226413,1.90504e-05,0.0155544
half,object,0.634582,0.603493,1.55432e-05,0.0254136,0.199923,0.000972147,0.208107,0.0944672,7.84848e-06,0.000916509,5.71757e-08,1.56502e-12,9.96478e-10,2.35737e-05,2.25461e-05,0.213112,1.22453e-05,0.0303671
halfcircle,rgb,6.45243e-11,0.00535056,0.00371958,9.14362e-05,0.00920218,4.79245e-08,0.122185,0.0093864,0.122667,0.00213753,0.000288085,0.144826,0.000258492,7.4603e-06,0.000215903,0.401796,8.45452e-06,0.0360648
halfcircle,shape,0.049449,0.225414,0.0191865,1.43266e-05,0.000209822,0.00146366,0.000973558,0.00724053,1.45307e-06,7.65305e-06,8.37034e-10,9.29932e-12,5.90123e-11,3.79041e-07,1.8291e-08,0.0590902,4.55731e-06,0.0665888
halfcircle,object,0.000452592,0.082245,0.00257858,2.82873e-06,2.70373e-05,3.11781e-05,0.0407304,0.00140017,7.02876e-06,6.14854e-06,1.30823e-09,2.77728e-10,4.78717e-10,1.51722e-07,6.47153e-08,0.00497988,1.42446e-06,0.116108
halfcylinder,rgb,1.9781e-07,0.0124971,0.00555337,0.000816366,0.0119953,1.07871e-05,0.030331,0.0148699,0.0687964,0.00527397,0.0034629,0.118228,0.00256388,0.000191973,0.00225277,0.183615,0.000342761,0.0163006
halfcylinder,shape,0.419543,0.562399,2.38073e-09,0.000177621,0.0567677,0.000218872,0.0925567,0.00189981,0.00682921,7.67378e-07,1.68299e-06,4.19116e-08,1.87377e-07,0.00102613,3.5502e-06,0.0588012,9.12487e-05,0.0152924
halfcylinder,object,0.024009,0.350629,4.47907e-10,7.21702e-07,0.018376,9.30098e-07,0.206156,0.000702246,0.00346153,5.48369e-06,1.16194e-05,9.95508e-07,3.57947e-08,0.000141343,2.36571e-05,0.0614327,7.74175e-06,0.0967943
halfcylindrical,rgb,0.995459,6.09635e-06,1.24877e-05,1.70203e-05,1.76344e-07,0.415759,8.96744e-09,2.43437e-06,8.66e-08,1.20039e-05,0.00011081,9.16215e-08,0.000245329,0.000674537,6.77733e-05,6.07248e-08,0.0040869,5.83839e-08
halfcylindrical,shape,0.0730288,0.493353,0.817789,0.100816,0.0636858,0.00097976,0.000896623,0.00127132,9.12362e-05,0.0231269,1.3219e-05,5.19806e-10,5.49115e-09,0.000204043,9.47848e-05,0.159438,3.31578e-07,0.0030436
halfcylindrical,object,0.363429,0.250278,0.561529,0.0158523,0.00106588,0.00240677,2.69262e-05,0.000257452,1.34923e-05,0.00278404,6.30588e-06,3.05847e-10,2.00641e-08,0.000146905,2.73528e-05,0.0027878,1.11091e-06,0.000223697
head,rgb,0.987902,0.128503,0.389691,0.18318,0.0889768,0.92615,0.455188,0.190399,0.0735808,0.370842,0.0731051,0.0127422,0.154876,0.659523,0.142991,0.0364544,0.363337,0.458414
head,shape,0.00015123,0.000756488,0.698824,0.0676259,2.55571e-06,6.48784e-06,4.71854e-06,5.59004e-06,5.57215e-07,5.7419e-07,1.17915e-07,6.50772e-09,2.67722e-08,9.35324e-07,6.1668e-07,1.76897e-05,9.32349e-08,3.56692e-05
head,object,1.52811e-05,0.000606682,0.693579,0.0656098,2.03694e-06,1.38699e-06,6.4917e-06,2.90601e-06,3.3474e-07,3.01499e-07,2.71848e-08,1.35185e-09,4.76651e-09,3.24502e-07,2.02741e-07,1.35992e-05,1.60217e-08,6.4504e-05
hemisphere,rgb,0.0343433,0.0298486,0.0154087,0.0078362,0.00875932,0.040331,0.00517767,0.0275947,0.0211227,0.0238121,0.0528155,0.0333036,0.0500184,0.0183194,0.0338393,0.0279353,0.0484636,0.00701116
hemisphere,shape,0.00943831,0.600028,1.54258e-06,0.0323871,0.199751,0.000349591,0.0702004,0.0179696,0.033003,0.000406466,1.61582e-05,6.38463e-13,2.1868e-09,0.000456686,0.000361838,0.195778,8.08007e-05,0.0871473
hemisphere,object,0.0150685,0.592306,2.07586e-06,0.0011364,0.199741,0.000212938,0.16091,0.0171719,0.0283143,0.00131991,1.1901e-05,2.03009e-13,8.45802e-10,0.000214635,0.000595028,0.158102,2.31045e-05,0.131202
isyellow,rgb,2.92228e-05,0.00072667,2.56935e-06,9.27614e-05,3.02259e-05,4.10543e-05,2.31667e-09,5.78625e-05,6.45768e-05,1.06687e-05,0.0908763,0.0269766,0.0124619,1.38293e-05,0.00458384,0.000414929,0.00592626,1.48734e-08
isyellow,shape,0.000568303,0.00157271,1.71909e-11,0.0864767,5.76891e-06,3.76687e-09,1.2904e-06,0.000140801,0.000276813,3.64259e-06,2.66777e-06,3.07104e-10,5.66188e-09,1.89005e-09,9.30363e-06,1.15963e-06,2.77301e-06,0.00953606
isyellow,object,0.000233095,0.00162059,2.93064e-11,0.0571838,6.38393e-06,4.58299e-09,1.58204e-06,0.00018866,0.000393565,4.13022e-06,3.5504e-06,7.83908e-10,9.82396e-09,2.09735e-09,1.12218e-05,2.45793e-06,3.19857e-06,0.0094637
lemon,rgb,5.84325e-07,0.0454134,1.22993e-06,1.27128e-13,1.85776e-13,0.00100428,4.38078e-18,0.000669252,1.23014e-05,7.80971e-05,0.970577,0.123887,0.901962,7.17231e-10,0.00331841,0.0201805,0.398101,9.12256e-16
lemon,shape,1.15217e-06,0.000113312,2.81587e-12,5.91069e-06,5.88135e-07,1.61401e-08,1.09062e-06,1.05252e-06,1.52371e-05,0.00023368,0.100304,1.79696e-05,0.000353351,5.0691e-07,0.00690111,5.44727e-05,0.0026343,6.50349e-06
lemon,object,1.15833e-06,0.000197342,3.54911e-12,4.37364e-06,1.01574e-06,3.55171e-08,3.53404e-07,2.78846e-06,2.10442e-05,0.000216516,0.151483,3.51499e-05,0.000663073,4.32507e-07,0.00955147,0.000100384,0.00476303,3.20779e-06
lime,rgb,1.03511e-20,0.040725,2.13396e-06,6.66842e-18,2.59595e-12,7.91215e-13,7.52409e-12,0.0111005,0.0378206,0.000113384,0.00835807,0.904624,0.0139313,3.99403e-14,2.56356e-06,0.99298,1.1164e-06,3.08989e-11
lime,shape,0.000290944,0.00216955,0.00218083,1.38147e-05,1.22558e-07,2.71093e-05,1.22711e-05,6.84191e-06,5.27011e-06,4.82939e-07,0.000209833,0.783362,0.0474961,0.0534102,4.5422e-06,1.05154e-06,0.000255363,1.1929e-05
lime,object,0.000226042,0.0027582,0.000742727,3.23311e-06,1.26012e-07,5.33029e-05,9.25559e-06,1.40685e-05,8.62415e-06,9.61469e-07,0.000699236,0.868273,0.103086,0.0432265,1.08863e-05,2.91596e-06,0.000585229,6.40329e-06
orange,rgb,0.991005,0.295378,0.260079,0.908678,0.516134,0.884723,0.0314124,0.140314,0.0872392,0.189531,0.701197,0.233674,0.595772,0.743695,0.668352,0.0598235,0.801742,0.057177
orange,shape,4.53028e-05,0.0046307,9.05553e-08,0.262367,1.03006e-09,3.79877e-05,3.87875e-06,5.50861e-06,5.43817e-07,0.000571015,0.00379482,2.91417e-07,0.00715358,2.16151e-06,1.9676e-05,2.77508e-06,0.00240217,0.000108466
orange,object,6.73746e-06,0.00162387,1.90561e-08,0.259136,3.31498e-09,2.29532e-05,4.2688e-05,8.67756e-06,8.80331e-07,0.000831361,0.00460448,3.58833e-07,0.00558836,1.1343e-06,3.57192e-05,5.13607e-06,0.00217074,0.000411767
potato,rgb,0.998383,0.644258,0.809104,0.967445,0.838067,0.98237,0.666672,0.581119,0.427784,0.722957,0.759686,0.364497,0.773111,0.956347,0.829889,0.270643,0.909256,0.71498
potato,shape,4.30168e-07,0.204121,8.38357e-09,0.000117913,0.013466,7.67794e-12,1.03016e-07,0.000463848,3.72603e-07,4.15221e-11,0.0230812,9.09955e-16,1.12667e-06,3.1879e-12,0.123935,3.34961e-08,0.00202731,1.36156e-06
potato,object,7.73087e-08,0.182137,9.45126e-09,2.17646e-05,0.0249081,1.08772e-11,1.95654e-07,0.000690357,9.87374e-07,4.56464e-11,0.0424217,2.59125e-15,1.80202e-06,3.04913e-12,0.202363,1.33859e-07,0.00333783,1.23754e-06
purple,rgb,0.617861,0.788822,0.903,0.667235,0.805572,0.753813,0.98045,0.876429,0.884258,0.895152,0.518562,0.677591,0.634464,0.80794,0.643373,0.864039,0.6064,0.970051
purple,shape,0.042844,0.000207632,0.504256,0.142476,1.49422e-10,3.72629e-05,1.03359e-05,3.69286e-07,8.75731e-07,0.634862,4.30767e-05,3.38501e-05,0.00350791,0.229565,0.0117837,6.73731e-07,7.84048e-08,3.6914e-06
purple,object,0.0129639,0.000420788,0.515521,0.142804,3.13598e-10,2.28704e-05,1.02968e-05,5.61281e-07,2.75537e-06,0.652356,0.000129861,0.000159684,0.0114913,0.24475,0.0286811,1.70418e-06,1.26677e-07,5.38458e-06
rectangle,rgb,0.0568443,0.0733679,0.0656167,0.014722,0.0246788,0.0884058,0.0564915,0.091122,0.0735841,0.0900372,0.0627072,0.0564075,0.076873,0.0497249,0.0546267,0.0852054,0.071249,0.0592101
rectangle,shape,0.291226,0.181802,0.0217398,0.00103354,4.60746e-11,0.00122814,0.517367,3.72113e-05,0.000421129,0.00109404,5.80412e-06,2.04224e-08,9.88157e-08,0.000103675,3.78791e-07,0.000145126,1.06844e-05,0.00322719
rectangle,object,0.289072,0.11663,0.0182158,0.000144969,1.96111e-11,0.00116493,0.510361,4.75119e-05,0.000532335,0.000552678,5.75934e-06,3.02356e-08,1.45463e-07,4.79721e-05,4.55331e-07,0.000190326,1.26109e-05,0.00223311
rectangleshape,rgb,0.0142073,0.0639157,0.0293115,0.00158739,0.00472124,0.0467293,0.00729907,0.0729638,0.0505928,0.0581162,0.0773733,0.0630479,0.0895282,0.0133688,0.0388978,0.0906422,0.0637961,0.00995326
rectangleshape,shape,0.000858215,0.000715392,0.0717957,2.36666e-07,5.35347e-11,0.616922,0.41963,0.000403882,1.40187e-06,9.22933e-06,3.78198e-06,7.3071e-08,4.98834e-06,5.04525e-05,8.79214e-06,3.64311e-06,2.42637e-06,4.47655e-05
rectangleshape,object,4.9675e-05,0.000770007,0.0868744,1.2226e-08,7.075e-11,0.387596,0.717183,0.000211631,2.62476e-06,4.69505e-06,3.3882e-06,9.53267e-08,2.69544e-06,2.16655e-05,3.3102e-06,8.84686e-06,2.34615e-06,0.00012488
rectangular,rgb,0.874943,0.920816,0.879637,0.827988,0.851886,0.905279,0.840194,0.92072,0.916555,0.908812,0.936212,0.933569,0.933701,0.880927,0.91946,0.930324,0.925856,0.854859
rectangular,shape,0.0642785,0.00491383,0.0270921,0.0191022,6.96998e-08,0.364127,0.751897,0.00117822,0.0248328,0.0151138,0.0015237,3.92911e-05,0.000201577,0.000347404,0.0002594,0.00265901,0.000599693,0.658276
rectangular,object,0.0384702,0.0196919,0.0430715,0.199077,1.36953e-05,0.288679,0.89516,0.000372037,0.0254321,0.0124789,0.00107301,5.93006e-05,2.89362e-05,0.00211826,8.61012e-05,0.00233927,0.000300152,0.759488
red,rgb,0.944184,0.543963,0.780609,0.616901,0.571302,0.894985,0.901388,0.661546,0.562628,0.762244,0.361098,0.251988,0.49467,0.824352,0.50696,0.441921,0.614136,0.882758
red,shape,0.2546,0.60736,0.938181,0.286012,3.43675e-07,0.0508402,0.00834445,0.000258949,0.0694127,0.0785246,0.153965,9.01794e-05,0.160212,0.242914,0.00583144,0.13479,0.222286,0.281478
red,object,0.170722,0.653121,0.952271,0.286503,6.04392e-07,0.0957123,0.00469748,0.000611233,0.163392,0.0601305,0.267781,0.000517095,0.364777,0.395973,0.011742,0.158813,0.439847,0.275881
round,rgb,0.0725138,0.0391373,0.0258267,0.00322043,0.00484855,0.0955663,0.00647244,0.0428465,0.0243221,0.0429209,0.0530949,0.0248999,0.064894,0.0226661,0.0335227,0.0332518,0.0677303,0.00910591
round,shape,0.0373702,0.00339316,0.0694019,5.02083e-05,7.17758e-12,2.85508e-09,4.73626e-10,3.86102e-07,0.00224027,5.28225e-07,3.67871e-08,4.45772e-05,1.57508e-05,2.8174e-05,6.1537e-10,4.23335e-08,7.14781e-06,0.000212842
round,object,0.169223,0.00484733,0.0964116,1.37172e-05,2.7029e-11,7.52225e-09,8.31511e-11,5.60409e-07,0.000983673,4.31325e-07,3.60547e-08,6.16429e-05,1.85297e-05,3.18902e-05,6.49799e-10,2.22435e-08,7.02667e-06,5.60766e-05
rounded,rgb,0.00970966,0.0273504,0.00469831,0.000285666,0.000561152,0.0282259,0.000120357,0.0203128,0.0101974,0.0130031,0.106574,0.0401791,0.0923215,0.00295918,0.0264084,0.0282618,0.0671109,0.000283827
rounded,shape,9.09894e-07,0.000240732,3.35393e-10,0.138934,2.52664e-10,5.12507e-09,3.89196e-05,8.07165e-06,2.85922e-06,7.89647e-05,4.61665e-05,5.72989e-07,3.12424e-07,1.46517e-07,5.436e-08,1.79492e-07,8.00507e-06,3.28435e-05
rounded,object,3.31414e-06,0.000547383,5.02548e-10,0.0694995,2.86295e-10,1.08254e-08,7.99505e-06,1.94973e-05,1.62022e-06,0.000152374,6.0483e-05,6.97196e-07,1.19532e-06,7.8874e-08,1.25207e-07,1.04222e-06,9.10714e-06,1.79053e-05
semicircle,rgb,0.00881785,0.0640654,0.0344645,0.0106843,0.0222436,0.023527,0.0267034,0.0694137,0.0735354,0.0523957,0.0683286,0.0954864,0.0663445,0.0207934,0.0471442,0.106218,0.0451863,0.0285862
semicircle,shape,0.605515,0.606841,4.85154e-05,0.134985,0.199852,0.000966543,0.188538,0.0797804,9.63809e-06,0.000345511,1.25001e-07,1.04541e-11,1.37967e-08,3.12573e-05,1.02048e-05,0.250049,4.00774e-05,0.0155595
semicircle,object,0.558748,0.603719,4.65804e-05,0.070482,0.199979,0.000248208,0.214491,0.0996184,1.43761e-05,0.00314019,1.94865e-07,1.15635e-12,2.97256e-09,1.33217e-05,4.57905e-05,0.329936,9.89331e-06,0.0277663
sphere,rgb,0.04183,0.0356657,0.0297222,0.00271319,0.00519467,0.0680251,0.0133813,0.0446316,0.0276987,0.0464182,0.0325972,0.0203536,0.0443863,0.0201744,0.0241104,0.0356988,0.0434429,0.0161088
sphere,shape,4.07939e-05,0.188344,6.19043e-11,0.0891249,2.65773e-10,1.5661e-08,1.2283e-09,2.05846e-06,0.00293042,1.30408e-06,5.88981e-05,2.80814e-08,1.30828e-07,8.20105e-05,1.71151e-05,0.000112279,0.0234851,0.121622
sphere,object,7.61953e-07,0.0886433,7.51799e-12,0.0008067,5.02408e-11,3.14257e-09,1.70991e-08,2.51081e-06,0.00807957,5.74236e-05,7.07673e-05,1.94442e-08,7.34881e-08,4.94218e-05,3.87978e-05,0.000116171,0.010949,0.110308
spherical,rgb,0.0405495,0.0428939,0.0317522,0.00112524,0.00277273,0.0847453,0.00822741,0.053045,0.0280729,0.0551153,0.0385233,0.02072,0.0564398,0.0159546,0.0238001,0.042266,0.0524908,0.0109463
spherical,shape,5.54525e-09,0.00452876,3.50252e-15,3.03287e-10,4.87233e-15,1.51158e-09,1.22548e-12,4.20255e-10,6.2224e-05,1.14696e-07,1.75168e-06,6.51358e-08,0.00385638,0.000200175,6.7006e-11,6.41018e-10,1.77411e-05,4.87682e-05
spherical,object,8.83674e-09,0.00111051,1.83653e-15,1.2786e-10,2.13377e-15,1.85126e-09,9.79305e-13,4.29568e-10,2.95981e-05,2.09954e-07,1.64748e-06,1.13334e-07,0.00291955,0.000213935,4.7557e-11,6.72577e-10,2.26228e-05,3.9797e-05
square,rgb,2.12774e-10,0.210448,0.125372,0.000608757,0.158143,6.07799e-07,0.961992,0.462839,0.940565,0.130366,0.00617486,0.909091,0.00836351,0.000135525,0.00482001,0.984766,0.000141916,0.823706
square,shape,0.00622103,0.00103837,9.05075e-05,0.00956826,2.80615e-11,0.853005,0.00896216,4.05656e-05,7.10073e-06,8.0639e-06,8.65193e-07,2.66784e-06,0.00224343,0.000156791,7.55883e-07,2.51789e-08,9.57258e-06,0.000818083
square,object,1.80398e-05,0.00094701,0.000235515,0.000201125,7.59405e-11,0.27198,0.18523,6.13885e-05,0.000110065,1.38116e-05,1.19373e-06,1.1561e-05,0.000198527,4.40339e-05,6.16135e-07,1.32096e-06,5.12378e-06,0.00417722
squareshape,rgb,6.62162e-27,0.000496924,7.97382e-07,8.80229e-13,2.37416e-06,1.70684e-18,0.000912788,0.00247104,0.672516,7.6098e-06,2.93275e-06,0.980769,3.35739e-06,1.09648e-13,9.47849e-08,0.994469,4.57402e-11,8.99666e-05
squareshape,shape,2.63135e-05,0.00244064,0.00100002,3.98239e-06,5.81597e-10,0.0327241,2.70685e-06,5.63993e-06,6.0656e-08,1.62067e-07,2.38959e-10,6.02826e-10,1.2752e-07,2.85547e-06,3.33593e-08,3.91816e-10,5.32258e-09,1.86416e-05
squareshape,object,7.2296e-07,0.00197772,0.000468351,7.72561e-07,2.38991e-10,0.00337451,6.11022e-06,7.25452e-06,1.10883e-07,2.81795e-07,4.96539e-10,2.94761e-09,1.43906e-07,5.11237e-07,2.7739e-08,5.43684e-09,6.87769e-09,2.86519e-05
tomato,rgb,0.000105261,0.370365,0.00109916,6.54217e-13,3.38704e-12,0.204083,7.18649e-14,0.0915007,0.00100845,0.0401277,0.971099,0.170789,0.980411,8.67239e-08,0.0176695,0.327531,0.838414,5.71878e-12
tomato,shape,1.34242e-05,0.401183,1.82455e-10,0.000328397,2.21607e-09,2.65417e-08,2.56845e-07,3.94154e-06,3.81069e-06,9.04608e-07,0.17855,2.53303e-10,9.39644e-05,2.76491e-08,0.0450488,5.90376e-06,0.301496,0.000154269
tomato,object,1.20923e-06,0.417481,1.29508e-10,0.00019121,1.46471e-08,1.29265e-08,2.59425e-06,5.38849e-06,1.20637e-05,1.55265e-06,0.391138,9.19758e-10,0.000206598,3.15628e-08,0.138427,2.46773e-05,0.450166,0.000562975
triangle,rgb,0.476484,0.892738,0.474353,0.140636,0.285401,0.787185,0.082269,0.886269,0.850129,0.766336,0.975173,0.963207,0.96638,0.476849,0.907037,0.940387,0.942071,0.150365
triangle,shape,0.055087,0.0136161,1.80937e-09,0.0300907,3.92923e-15,8.23266e-11,0.000747292,3.44753e-07,0.000274332,1.91959e-05,8.56163e-09,9.54809e-11,5.43861e-09,2.41876e-08,6.74959e-08,1.78013e-07,6.44567e-09,0.492035
triangle,object,0.0967266,0.0140154,1.57449e-09,0.0450427,7.90679e-15,3.3599e-10,0.000357154,6.32484e-07,0.000411679,2.16994e-05,1.44679e-08,1.93227e-10,9.51676e-09,4.70023e-08,1.13943e-07,3.6062e-07,1.25966e-08,0.445301
triangleshaped,rgb,0.999893,7.21688e-05,0.0010309,0.000364811,5.94429e-06,0.951865,1.03809e-05,5.25398e-05,1.77172e-06,0.000513433,0.00015283,1.90622e-07,0.000710341,0.0318435,0.000319706,6.1441e-07,0.0182673,3.27178e-05
triangleshaped,shape,0.00446925,0.053322,0.00382385,0.000589513,1.47637e-10,1.11446e-06,0.00026657,3.89295e-06,0.00553246,7.97135e-05,2.28629e-05,4.95312e-07,1.01659e-05,4.88776e-05,2.58256e-05,1.02828e-05,5.84844e-05,0.0752983
triangleshaped,object,0.0120812,0.0369211,0.0011941,0.000297375,2.56462e-10,3.47048e-06,0.000111772,4.87518e-06,0.00248641,5.44663e-05,2.26114e-05,2.6367e-07,9.85656e-06,5.31725e-05,2.77463e-05,7.51011e-06,7.69685e-05,0.0317609
triangular,rgb,0.0213106,0.109214,0.031474,0.000519329,0.00178334,0.0938797,0.00151929,0.107046,0.0550871,0.0790792,0.195806,0.105742,0.217813,0.0103696,0.0633345,0.137605,0.150888,0.00292462
triangular,shape,0.0735616,0.0173558,3.26301e-09,0.0401815,1.22248e-14,2.64242e-10,0.00107227,4.66798e-07,0.000743395,3.28271e-05,4.54514e-08,1.29268e-09,2.65165e-08,7.55819e-08,2.13738e-07,4.65166e-07,2.39427e-08,0.535056
triangular,object,0.0784336,0.0148665,9.05702e-10,0.0162967,1.31664e-14,9.23487e-10,0.000252845,7.92323e-07,0.000933852,1.73162e-05,6.42303e-08,2.40966e-09,4.25693e-08,8.05759e-08,3.72936e-07,1.08655e-06,4.43924e-08,0.440604
wedge,rgb,0.023827,0.105859,0.0282065,0.00113928,0.00314414,0.0847555,0.00174323,0.0991333,0.0577746,0.0691689,0.224582,0.130936,0.224494,0.0131169,0.0783102,0.134463,0.159908,0.00328946
wedge,shape,0.0777387,0.0172979,5.35095e-09,0.0690485,8.7628e-15,2.31587e-10,0.00107173,4.98073e-07,0.000615947,3.28968e-05,2.8584e-08,7.13269e-10,1.88918e-08,7.29018e-08,1.65236e-07,4.60871e-07,1.52885e-08,0.543
wedge,object,0.0894689,0.015484,2.33714e-09,0.0485259,1.07187e-14,6.74987e-10,0.000304048,7.96604e-07,0.000676191,2.20112e-05,3.54077e-08,9.24748e-10,2.43262e-08,8.45098e-08,2.25096e-07,7.92208e-07,2.38383e-08,0.456851
white,rgb,0.180844,0.0689158,0.262648,0.731587,0.501142,0.0608487,0.352392,0.0426781,0.0640946,0.0787579,0.0375528,0.0505798,0.0323765,0.202172,0.0776205,0.0357716,0.0449979,0.279044
white,shape,1.0663e-05,0.000365166,7.01926e-09,0.278067,0.771438,8.9039e-08,5.82867e-06,0.000953547,8.97037e-05,0.428773,0.000133862,8.38178e-12,1.11146e-05,4.05977e-10,3.86594e-05,0.00864417,2.20708e-07,1.64881e-05
white,object,0.000130419,0.000168466,6.71981e-09,0.29407,0.721705,2.77836e-07,3.71698e-06,0.00090374,4.52486e-05,0.428746,8.22645e-05,6.1305e-12,8.78745e-06,5.62158e-10,4.57764e-05,0.00619551,4.5586e-07,1.7644e-05
yellow,rgb,0.143734,0.270239,0.10771,0.330059,0.252385,0.134126,0.0245708,0.15827,0.181839,0.116106,0.542162,0.50018,0.396972,0.147569,0.38791,0.241399,0.358825,0.0353811
yellow,shape,0.166568,0.00015809,1.88982e-13,0.114545,0.00703596,4.41612e-06,2.38083e-05,1.15797e-05,0.000956778,2.00589e-06,0.0400178,1.18541e-06,1.96259e-08,6.24484e-06,0.218757,0.000582071,0.00594425,0.0270467
yellow,object,0.166644,0.000272208,4.78053e-13,0.0344691,0.00421826,2.35553e-06,4.54283e-06,5.10165e-05,0.010391,5.80017e-06,0.129727,9.93944e-06,7.82399e-08,5.84253e-07,0.468988,0.0274155,0.0123367,0.0650615
